Tehsil,District,Division,Province,OOSC number ,OOSC number male ,OOSC number female ,Rural Total,Rural Male,Rural Female,Urban Total,Urban Male,Urban Female,5-16 population,All Male 5-16 population,All female 5-16population,Total Rural  5-16population,Male Rural  5-16population,Female rural  5-16population,Total Urban  5-16population,Male Urban  5-16population,Female Urban  5-16population,% OOSC 5-16 population,% OOSC All Male 5-16 population,%OOSC All female 5-16population,%OOSC Total Rural 5-16population,%OOSC Male Rural  5-16population,%OOSC Female rural  5-16population,%OOSC Total Urban  5-16population,%OOSC Male Urban  5-16population,%OOSC Female Urban  5-16population,Rank total %,Rank male%,Rank female%,Rank Rural Total%,Rank Rural Male%,Rank Rural Female%,Rank Urban Total%,Rank Urban Male%,Rank Urban Female%,In district Rank total ,In district Rank male,In district Rank female,In district Rank Rural Total,In district Rank Rural Male,In district Rank Rural Female,In district Rank Urban Total,In district Rank Urban Male,In district Rank Urban Female,Total LR,Male LR,Female LR,Rural LR,Rural Male LR,Rural Female LR,Urban LR,Urban Male LR,Urban Female LR, OOSC number  ,Rank (OOSC #)
Awaran ,Awaran,,Balochistan,"7,659","3,847","3,811","2,956","1,387","1,569","4,703","2,460","2,242","17,030","8,542","8,485","6,496","3,200","3,296","10,534","5,342","5,189",44.97%,45.04%,44.91%,45.50%,43.34%,47.60%,44.65%,46.05%,43.21%,282,349,233,225,273,196,328,348,301,2,2,2,2,2,2,4,5,4,42.9,50.9,34.92,36.5,44.57,28.51,46.64,54.57,38.68,"7,659",79
Gishekore ,Awaran,,Balochistan,"4,755","2,340","2,415","4,755","2,340","2,415",0,0,0,"11,292","5,849","5,443","11,292","5,849","5,443",0,0,0,42.11%,40.01%,44.37%,42.11%,40.01%,44.37%,0.00%,0.00%,0.00%,260,298,230,206,244,180,1,1,1,1,1,1,1,1,1,1,1,1,36.34,45.74,26.52,36.34,45.74,26.52,-,-,-,"4,755",36
Jhal Jhao ,Awaran,,Balochistan,"6,648","3,274","3,374","6,648","3,274","3,374",0,0,0,"10,440","5,387","5,053","10,440","5,387","5,053",0,0,0,63.68%,60.78%,66.77%,63.68%,60.78%,66.77%,0.00%,0.00%,0.00%,454,485,398,383,431,324,1,1,1,5,5,5,5,5,5,1,1,1,26.62,33.36,19.52,26.62,33.36,19.52,-,-,-,"6,648",59
Korak Jhao ,Awaran,,Balochistan,"6,662","3,333","3,329","6,662","3,333","3,329",0,0,0,"10,610","5,490","5,119","10,610","5,490","5,119",0,0,0,62.79%,60.71%,65.03%,62.79%,60.71%,65.03%,0.00%,0.00%,0.00%,443,483,377,373,429,311,1,1,1,4,4,4,4,4,4,1,1,1,26.71,34.69,18.05,26.71,34.69,18.05,-,-,-,"6,662",61
Mashkai ,Awaran,,Balochistan,"7,727","3,889","3,838","5,151","2,536","2,615","2,576","1,353","1,223","15,375","7,873","7,502","9,627","4,880","4,747","5,748","2,993","2,755",50.26%,49.40%,51.16%,53.51%,51.97%,55.09%,44.82%,45.21%,44.39%,330,391,273,288,346,237,329,347,307,3,3,3,3,3,3,5,4,5,41.21,48.92,32.70,40.26,48.51,31.33,42.6,49.5,34.73,"7,727",81
Barkhan ,Barkhan,,Balochistan,"46,164","18,077","28,083","44,563","17,308","27,251","1,601",769,832,"79,816","42,611","37,201","74,795","39,916","34,875","5,021","2,695","2,326",57.84%,42.42%,75.49%,59.58%,43.36%,78.14%,31.89%,28.53%,35.77%,394,327,483,340,274,451,250,249,252,1,1,1,1,1,1,1,1,1,33.62,41.63,24.93,31.63,39.34,23.23,57.93,70.02,45.22,"46,164",393
Chagai ,Chagai,,Balochistan,"19,128","8,845","10,281","19,128","8,845","10,281",0,0,0,"27,401","13,826","13,573","27,401","13,826","13,573",0,0,0,69.81%,63.97%,75.75%,69.81%,63.97%,75.75%,0.00%,0.00%,0.00%,506,520,487,455,468,421,1,1,1,3,3,3,3,3,3,1,1,1,23.77,34.61,12.59,23.77,34.61,12.59,-,-,-,"19,128",191
Dalbandin ,Chagai,,Balochistan,"29,085","14,420","14,664","25,098","12,317","12,780","3,987","2,103","1,884","45,147","23,343","21,803","37,959","19,678","18,280","7,188","3,665","3,523",64.42%,61.77%,67.26%,66.12%,62.59%,69.91%,55.47%,57.38%,53.48%,462,494,404,416,457,352,363,372,338,2,2,2,2,2,2,5,5,5,39.1,47.77,29.80,35.08,43.92,25.55,57.88,66,49.38,"29,085",274
Nokkundi ,Chagai,,Balochistan,"7,328","4,018","3,309","7,328","4,018","3,309",0,0,0,"12,246","6,725","5,520","12,246","6,725","5,520",0,0,0,59.84%,59.75%,59.95%,59.84%,59.75%,59.95%,0.00%,0.00%,0.00%,409,477,342,342,424,277,1,1,1,1,1,1,1,1,1,1,1,1,48.57,55.57,40.33,48.57,55.57,40.33,-,-,-,"7,328",73
Taftan ,Chagai,,Balochistan,"5,680","3,140","2,540","5,680","3,140","2,540",0,0,0,"7,285","4,014","3,271","7,285","4,014","3,271",0,0,0,77.97%,78.23%,77.65%,77.97%,78.23%,77.65%,0.00%,0.00%,0.00%,563,573,501,520,535,443,1,1,1,5,5,4,5,5,4,1,1,1,19.7,27.71,8.57,19.7,27.71,8.57,-,-,-,"5,680",45
Yak Machh ,Chagai,,Balochistan,"6,970","3,533","3,437","6,970","3,533","3,437",0,0,0,"9,026","4,707","4,319","9,026","4,707","4,319",0,0,0,77.22%,75.06%,79.58%,77.22%,75.06%,79.58%,0.00%,0.00%,0.00%,556,563,515,513,522,459,1,1,1,4,4,5,4,4,5,1,1,1,24.36,30.12,17.99,24.36,30.12,17.99,-,-,-,"6,970",67
Chaman  ,Chaman,,Balochistan,"23,262","10,760","12,502",0,0,0,"23,262","10,760","12,502","46,753","26,144","20,609",0,0,0,"46,753","26,144","20,609",49.76%,41.16%,60.66%,0.00%,0.00%,0.00%,49.76%,41.16%,60.66%,327,314,348,1,1,1,347,333,363,1,1,1,1,1,1,2,2,2,51.36,61.27,39.83,-,-,-,51.36,61.27,39.83,"23,262",223
Chaman Saddar ,Chaman,,Balochistan,"94,637","47,668","46,964","94,637","47,668","46,964",0,0,0,"132,386","77,083","55,298","132,386","77,083","55,298",0,0,0,71.49%,61.84%,84.93%,71.49%,61.84%,84.93%,0.00%,0.00%,0.00%,518,497,545,469,444,503,1,1,1,2,2,2,2,2,2,1,1,1,35.18,42.18,26.62,35.18,42.18,26.62,-,-,-,"94,637",536
Baiker ,Dera Bugti ,,Balochistan,"9,837","5,793","4,044","9,837","5,793","4,044",0,0,0,"13,200","8,440","4,760","13,200","8,440","4,760",0,0,0,74.52%,68.64%,84.96%,74.52%,68.64%,84.96%,0.00%,0.00%,0.00%,544,541,546,499,498,504,1,1,1,3,3,5,1,1,4,1,1,1,15.62,24.05,4.92,15.62,24.05,4.92,-,-,-,"9,837",96
Dera Bugti ,Dera Bugti ,,Balochistan,"9,953","4,761","5,192","5,652","3,019","2,633","4,301","1,742","2,559","17,495","9,686","7,809","7,578","4,366","3,212","9,917","5,320","4,597",56.89%,49.15%,66.49%,74.58%,69.15%,81.97%,43.37%,32.74%,55.67%,383,389,394,500,503,481,325,286,347,1,1,1,2,2,1,7,7,7,33.75,48.17,17.96,16.79,24.85,7.65,46.27,65.9,25.33,"9,953",99
Loti ,Dera Bugti ,,Balochistan,"6,651","4,355",2296,"6,651","4,355","2,296",0,0,0,"8,009","5,388","2,621","8,009","5,388","2,621",0,0,0,83.04%,80.83%,87.60%,83.04%,80.83%,87.60%,0.00%,0.00%,0.00%,573,576,560,534,540,519,1,1,1,8,8,7,8,8,6,1,1,1,14.84,17.57,10.67,14.84,17.57,10.67,-,-,-,"6,651",60
Malam ,Dera Bugti ,,Balochistan,"11,033","6,376","4,657","11,033","6,376","4,657",0,0,0,"13,748","8,487","5,261","13,748","8,487","5,261",0,0,0,80.25%,75.13%,88.52%,80.25%,75.13%,88.52%,0.00%,0.00%,0.00%,565,564,563,525,523,524,1,1,1,7,7,8,6,6,8,1,1,1,25.8,34.74,14.69,25.8,34.74,14.69,-,-,-,"11,033",110
Pir Koh,Dera Bugti ,,Balochistan,"11,261","6,371","4,890","11,261","6,371","4,890",0,0,0,"14,663","8,858","5,805","14,663","8,858","5,805",0,0,0,76.80%,71.92%,84.24%,76.80%,71.92%,84.24%,0.00%,0.00%,0.00%,554,557,542,511,514,500,1,1,1,5,5,4,4,4,3,1,1,1,12.12,19.94,3.31,12.12,19.94,3.31,-,-,-,"11,261",113
Qadirabad ,Dera Bugti ,,Balochistan,"10,058","5,905","4,153","10,058","5,905","4,153",0,0,0,"13,044","8,196","4,848","13,044","8,196","4,848",0,0,0,77.11%,72.05%,85.66%,77.11%,72.05%,85.66%,0.00%,0.00%,0.00%,555,558,551,512,515,510,1,1,1,6,6,6,5,5,5,1,1,1,14.74,22.61,4.57,14.74,22.61,4.57,-,-,-,"10,058",102
Sangsillah ,Dera Bugti ,,Balochistan,"3,117","1,748","1,369","3,117","1,748","1,369",0,0,0,"4,147","2,520","1,627","4,147","2,520","1,627",0,0,0,75.16%,69.37%,84.14%,75.16%,69.37%,84.14%,0.00%,0.00%,0.00%,549,548,541,504,508,498,1,1,1,4,4,3,3,3,2,1,1,1,13.57,22.45,3.57,13.57,22.45,3.57,-,-,-,"3,117",16
Sui ,Dera Bugti ,,Balochistan,"30,518","16,286","14,230","13,473","8,075","5,396","17,045","8,211","8,834","44,647","26,226","18,419","16,644","10,504","6,138","28,003","15,722","12,281",68.35%,62.10%,77.26%,80.95%,76.88%,87.91%,60.87%,52.23%,71.93%,493,501,497,527,529,523,371,365,373,2,2,2,7,7,7,8,8,8,30.59,43.79,15.73,14.47,19.2,8.77,40.02,58.86,19.57,"30,518",282
Duki ,Duki ,,Balochistan,"32,972","14,529","18,437","31,595","13,897","17,692","1,377",632,745,"47,550","25,024","22,519","45,174","23,819","21,348","2,376","1,205","1,171",69.34%,58.06%,81.87%,69.94%,58.34%,82.87%,57.95%,52.45%,63.62%,501,465,530,456,409,492,367,366,367,2,2,2,2,2,2,4,4,4,50.48,60.65,39.14,49.24,59.62,37.78,63.51,70.9,54.4,"32,972",302
Luni ,Duki ,,Balochistan,"2,665","1,177","1,487","2,665","1,177","1,487",0,0,0,"3,691","1,917","1,772","3,691","1,917","1,772",0,0,0,72.20%,61.40%,83.92%,72.20%,61.40%,83.92%,0.00%,0.00%,0.00%,526,491,540,477,441,497,1,1,1,3,3,3,3,3,3,1,1,1,33.8,42.99,23.28,33.8,42.99,23.28,-,-,-,"2,665",12
Talao ,Duki ,,Balochistan,"5,628","2,441","3,186","5,628","2,441","3,186",0,0,0,"6,396","3,160","3,235","6,396","3,160","3,235",0,0,0,87.99%,77.25%,98.49%,87.99%,77.25%,98.49%,0.00%,0.00%,0.00%,586,571,591,549,532,553,1,1,1,4,4,4,4,4,4,1,1,1,21.41,26.76,15.62,21.41,26.76,15.62,-,-,-,"5,628",44
Thal Chutyali ,Duki ,,Balochistan,"5,554","2,271","3,283","5,554","2,271","3,283",0,0,0,"8,751","4,388","4,363","8,751","4,388","4,363",0,0,0,63.47%,51.75%,75.25%,63.47%,51.75%,75.25%,0.00%,0.00%,0.00%,451,417,480,381,343,415,1,1,1,1,1,1,1,1,1,1,1,1,38.1,48.85,26.57,38.1,48.85,26.57,-,-,-,"5,554",42
Gwadar ,Gwadar ,,Balochistan,"16,588","8,193","8,394","12,060","6,391","5,668","4,528","1,802","2,726","48,253","26,209","22,043","28,145","15,442","12,702","20,108","10,767","9,341",34.38%,31.26%,38.08%,42.85%,41.39%,44.62%,22.52%,16.74%,29.18%,201,224,189,211,254,182,149,61,198,3,3,3,3,3,3,4,4,4,51.6,58.69,43.61,45.8,51.7,39.09,57.17,65.46,47.92,"16,588",166
Jiwani ,Gwadar ,,Balochistan,"5,355","2,387","2,966","1,254",552,702,"4,101","1,835","2,264","12,641","6,765","5,873","3,692","1,789","1,902","8,949","4,976","3,971",42.36%,35.28%,50.50%,33.97%,30.86%,36.91%,45.83%,36.88%,57.01%,262,252,268,161,184,143,334,312,356,4,4,4,2,2,1,5,5,5,35.28,41.11,28.67,48.91,55.68,42.61,29.97,36.16,22.41,"5,355",39
Ormara ,Gwadar ,,Balochistan,"2,067",904,"1,163","1,172",530,642,895,374,521,"6,982","3,595","3,387","2,396","1,225","1,171","4,586","2,370","2,216",29.60%,25.15%,34.34%,48.91%,43.27%,54.82%,19.52%,15.78%,23.51%,168,167,170,248,272,235,104,47,159,2,2,2,4,4,5,3,3,3,49.08,56.45,41.15,24.98,31.19,18.08,61.26,69.53,52.52,"2,067",7
Pasni ,Gwadar ,,Balochistan,"5,431","2,356","3,074","3,077","1,312","1,765","2,354","1,044","1,309","23,415","12,477","10,937","9,704","5,067","4,637","13,711","7,410","6,300",23.19%,18.88%,28.11%,31.71%,25.89%,38.06%,17.17%,14.09%,20.78%,106,67,124,145,141,148,69,32,129,1,1,1,1,1,2,2,2,2,59.71,68.81,50.14,44.14,54.97,33.05,70.83,78.47,62.64,"5,431",40
Sunster,Gwadar ,,Balochistan,"4,180","2,279","1,900","4,180","2,279","1,900",0,0,0,"8,199","4,732","3,466","8,199","4,732","3,466",0,0,0,50.98%,48.16%,54.82%,50.98%,48.16%,54.82%,0.00%,0.00%,0.00%,337,378,303,265,310,234,1,1,1,5,5,5,5,5,4,1,1,1,31.69,38.39,23.85,31.69,38.39,23.85,-,-,-,"4,180",28
Harnai ,Harnai ,,Balochistan,"22,529","10,359","12,169","21,360","9,853","11,506","1,169",506,663,"30,504","15,256","15,247","26,339","13,168","13,170","4,165","2,088","2,077",73.86%,67.90%,79.81%,81.10%,74.83%,87.37%,28.07%,24.23%,31.92%,539,535,517,528,521,517,218,193,221,3,3,3,3,3,3,2,2,2,36.28,46.56,25.76,30.39,39.91,20.64,60.76,74.29,46.99,"22,529",218
Khoast ,Harnai ,,Balochistan,"3,563","1,814","1,749","3,563","1,814","1,749",0,0,0,"5,380","3,008","2,372","5,380","3,008","2,372",0,0,0,66.23%,60.31%,73.74%,66.23%,60.31%,73.74%,0.00%,0.00%,0.00%,473,481,460,418,427,395,1,1,1,2,2,2,2,2,2,1,1,1,40.35,47.41,31.22,40.35,47.41,31.22,-,-,-,"3,563",23
Shahrigh,Harnai ,,Balochistan,"6,173","3,756","2,417","1,745",885,860,"4,428","2,871","1,557","10,503","6,230","4,273","3,566","2,064","1,502","6,937","4,166","2,771",58.77%,60.29%,56.56%,48.93%,42.88%,57.26%,63.83%,68.92%,56.19%,403,480,313,249,267,254,374,377,351,1,1,1,1,1,1,3,3,3,50.12,56.14,42.22,46.99,60.83,30.1,51.99,53.48,49.95,"6,173",52
Gandakha ,Jaffarabad ,,Balochistan,"19,955","8,936","11,019","19,955","8,936","11,019",0,0,0,"28,747","14,344","14,403","28,747","14,344","14,403",0,0,0,69.42%,62.30%,76.50%,69.42%,62.30%,76.50%,0.00%,0.00%,0.00%,502,504,493,448,453,428,1,1,1,3,3,3,1,2,1,1,1,1,24.59,33.82,15.27,24.59,33.82,15.27,-,-,-,"19,955",196
Jhat Pat ,Jaffarabad ,,Balochistan,"71,634","33,930","37,703","52,892","24,348","28,543","18,742","9,582","9,160","111,318","57,552","53,765","76,136","39,346","36,789","35,182","18,206","16,976",64.35%,58.96%,70.13%,69.47%,61.88%,77.59%,53.27%,52.63%,53.96%,461,473,433,449,445,442,360,367,340,2,2,2,2,1,2,3,3,3,36.7,46.25,26.72,32.96,41.98,23.54,43.88,54.4,32.84,"71,634",483
Usta Mohammad ,Jaffarabad ,,Balochistan,"46,296","21,542","24,754","38,482","18,061","20,421","7,814","3,481","4,333","74,735","37,777","36,958","53,871","27,593","26,278","20,864","10,184","10,680",61.95%,57.02%,66.98%,71.43%,65.46%,77.71%,37.45%,34.18%,40.57%,432,459,400,468,480,444,289,299,279,1,1,1,3,3,3,2,2,2,38.17,45.95,30.30,28.01,35.04,20.83,58.91,68.52,49.36,"46,296",394
Gandawa ,Jhal Magsi ,,Balochistan,"15,713","6,812","8,901","11,687","4,917","6,770","4,026","1,895","2,131","25,188","12,323","12,865","17,459","8,749","8,710","7,729","3,574","4,155",62.38%,55.28%,69.19%,66.94%,56.20%,77.73%,52.09%,53.02%,51.29%,436,448,420,425,394,445,355,370,334,1,1,1,1,1,2,3,3,3,36.35,47.36,25.49,28.68,40.26,16.75,50.5,61.34,40.67,"15,713",157
Jhal Magsi ,Jhal Magsi ,,Balochistan,"30,580","14,422","16,156","30,580","14,422","16,156",0,0,0,"45,276","23,863","21,411","45,276","23,863","21,411",0,0,0,67.54%,60.44%,75.46%,67.54%,60.44%,75.46%,0.00%,0.00%,0.00%,482,482,482,429,428,417,1,1,1,2,2,2,2,2,1,1,1,1,26.82,32.63,20.53,26.82,32.63,20.53,-,-,-,"30,580",284
Mirpur ,Jhal Magsi ,,Balochistan,"4,115","1,742","2,373","4,115","1,742","2,373",0,0,0,"5,804","2,865","2,939","5,804","2,865","2,939",0,0,0,70.90%,60.80%,80.74%,70.90%,60.80%,80.74%,0.00%,0.00%,0.00%,515,486,523,463,432,472,1,1,1,3,3,3,3,3,3,1,1,1,24.86,33.05,16.85,24.86,33.05,16.85,-,-,-,"4,115",27
Balanari ,Kachhi ,,Balochistan,"15,136","7,549","7,587","15,136","7,549","7,587",0,0,0,"20,437","10,912","9,525","20,437","10,912","9,525",0,0,0,74.06%,69.18%,79.65%,74.06%,69.18%,79.65%,0.00%,0.00%,0.00%,540,545,516,494,504,462,1,1,1,5,4,5,4,5,4,1,1,1,32.21,40.07,23.35,32.21,40.07,23.35,-,-,-,"15,136",152
Bhag ,Kachhi ,,Balochistan,"18,049","8,387","9,662","15,808","7,456","8,352","2,241",931,"1,310","28,520","14,466","14,054","22,542","11,638","10,904","5,978","2,828","3,150",63.29%,57.98%,68.75%,70.13%,64.07%,76.60%,37.49%,32.92%,41.59%,448,464,418,457,470,431,290,287,288,2,2,2,2,2,3,5,5,5,35.24,45.39,24.82,28.41,37.38,19.08,57.14,71.82,42.7,"18,049",183
Dhadar ,Kachhi ,,Balochistan,"7,852","3,483","4,369","6,169","2,788","3,381","1,683",695,988,"15,353","7,650","7,703","9,882","4,974","4,908","5,471","2,676","2,795",51.14%,45.53%,56.72%,62.43%,56.05%,68.89%,30.76%,25.97%,35.35%,340,355,315,369,390,341,239,217,247,1,1,1,1,1,1,4,4,4,45.1,53.92,35.51,36.79,43.24,29.39,60.03,74.63,45.66,"7,852",82
Khattan ,Kachhi ,,Balochistan,"6,916","3,508","3,408","6,916","3,508","3,408",0,0,0,"9,650","5,120","4,530","9,650","5,120","4,530",0,0,0,71.67%,68.52%,75.23%,71.67%,68.52%,75.23%,0.00%,0.00%,0.00%,522,539,479,472,497,414,1,1,1,3,3,3,3,4,2,1,1,1,41.86,46.56,36.76,41.86,46.56,36.76,-,-,-,"6,916",65
Mach ,Kachhi ,,Balochistan,"22,902","11,490","11,407","7,945","3,495","4,450","14,957","7,995","6,957","31,325","16,423","14,897","10,530","5,304","5,226","20,795","11,119","9,671",73.11%,69.96%,76.57%,75.45%,65.89%,85.15%,71.93%,71.90%,71.94%,533,551,495,506,483,507,378,379,374,4,5,4,5,3,5,6,6,6,38.8,43.89,32.94,27.75,38.2,15.85,46.31,47.72,44.68,"22,902",220
Sanni ,Kachhi ,,Balochistan,"69,500","38,421","31,069","69,500","38,421","31,069",0,0,0,"77,942","44,928","33,004","77,942","44,928","33,004",0,0,0,89.17%,85.52%,94.14%,89.17%,85.52%,94.14%,0.00%,0.00%,0.00%,589,587,587,552,550,549,1,1,1,6,6,6,6,6,6,1,1,1,15.58,19.14,11.59,15.58,19.14,11.59,-,-,-,"69,500",480
Gazg ,Kalat ,,Balochistan,"1,860",874,985,1860,874,985,0,0,0,"2,841","1,568","1,272","2,841","1,568","1,272",0,0,0,65.47%,55.74%,77.44%,65.47%,55.74%,77.44%,0.00%,0.00%,0.00%,468,450,499,405,385,440,1,1,1,4,4,4,4,4,4,1,1,1,18.75,26.84,9.25,18.75,26.84,9.25,-,-,-,"1,860",5
Johan ,Kalat ,,Balochistan,"3,550","1,487","2,063","3,550","1,487","2,063",0,0,0,"5,636","2,876","2,760","5,636","2,876","2,760",0,0,0,62.99%,51.70%,74.75%,62.99%,51.70%,74.75%,0.00%,0.00%,0.00%,445,415,472,376,341,409,1,1,1,3,3,3,3,3,3,1,1,1,27.49,36.65,17.91,27.49,36.65,17.91,-,-,-,"3,550",22
Kalat ,Kalat ,,Balochistan,"30,205","12,061","18,142","25,952","10,576","15,374","4,253","1,485","2,768","63,992","33,237","30,753","47,555","24,367","23,186","16,437","8,870","7,567",47.20%,36.29%,58.99%,54.57%,43.40%,66.31%,25.87%,16.74%,36.58%,301,260,333,302,275,318,191,62,257,1,1,1,1,1,2,4,4,4,44.19,54.36,33.51,35.07,45.74,23.81,68.49,77.56,59.1,"30,205",280
Mangochar ,Kalat ,,Balochistan,"16,638","6,735","9,902","16,638","6,735","9,902",0,0,0,"29,934","14,854","15,079","29,934","14,854","15,079",0,0,0,55.58%,45.34%,65.67%,55.58%,45.34%,65.67%,0.00%,0.00%,0.00%,373,352,382,309,293,315,1,1,1,2,2,2,2,2,1,1,1,1,35.22,44.78,25.44,35.22,44.78,25.44,-,-,-,"16,638",168
Balnigore ,Kech ,,Balochistan,"7,461","3,388","4,073","7,461","3,388","4,073",0,0,0,"14,178","7,189","6,989","14,178","7,189","6,989",0,0,0,52.62%,47.13%,58.28%,52.62%,47.13%,58.28%,0.00%,0.00%,0.00%,350,372,330,280,302,265,1,1,1,4,4,4,3,3,3,1,1,1,38.77,44.49,32.49,38.77,44.49,32.49,-,-,-,"7,461",75
Buleda ,Kech ,,Balochistan,"17,625","8,467","9,150","6,390","3,181","3,209","11,235","5,286","5,941","32,251","17,133","15,108","9,231","4,996","4,235","23,020","12,137","10,873",54.65%,49.42%,60.56%,69.22%,63.67%,75.77%,48.81%,43.55%,54.64%,366,392,347,446,466,422,343,343,343,5,5,5,8,8,8,8,8,8,35.36,40.04,30.26,30.46,34.22,26.24,38.39,43.7,32.7,"17,625",179
Dasht ,Kech ,,Balochistan,"17,345","7,723","9,620","17,345","7,723","9,620",0,0,0,"29,207","14,372","14,833","29,207","14,372","14,833",0,0,0,59.39%,53.74%,64.86%,59.39%,53.74%,64.86%,0.00%,0.00%,0.00%,407,437,374,337,370,309,1,1,1,6,6,6,5,5,5,1,1,1,37.25,42.79,31.28,37.25,42.79,31.28,-,-,-,"17,345",178
Hoshab ,Kech ,,Balochistan,"13,780","6,686","7,094","13,780","6,686","7,094",0,0,0,"22,085","11,602","10,483","22,085","11,602","10,483",0,0,0,62.40%,57.63%,67.67%,62.40%,57.63%,67.67%,0.00%,0.00%,0.00%,437,460,410,368,403,333,1,1,1,7,7,7,6,6,6,1,1,1,30.71,37.29,23.22,30.71,37.29,23.22,-,-,-,"13,780",138
Mand ,Kech ,,Balochistan,"5,928","2,873","3,055","5,928","2,873","3,055",0,0,0,"14,007","7,124","6,883","14,007","7,124","6,883",0,0,0,42.32%,40.33%,44.38%,42.32%,40.33%,44.38%,0.00%,0.00%,0.00%,261,304,231,209,247,181,1,1,1,2,2,2,2,2,2,1,1,1,54.19,60.78,46.51,54.19,60.78,46.51,-,-,-,"5,928",48
Tump ,Kech ,,Balochistan,"21,361","10,279","11,081","14,963","7,202","7,761","6,398","3,077","3,320","42,340","22,575","19,764","28,361","15,193","13,168","13,979","7,382","6,596",50.45%,45.53%,56.07%,52.76%,47.40%,58.94%,45.77%,41.68%,50.33%,332,356,311,282,305,273,333,335,328,3,3,3,4,4,4,7,7,7,47.17,52.85,40.07,44.33,49.58,37.99,52.13,58.3,43.9,"21,361",208
Kech (Turbat) ,Kech ,,Balochistan,"43,143","19,706","23,433","19,736","8,328","11,407","23,407","11,378","12,026","140,179","71,445","68,729","63,550","30,913","32,636","76,629","40,532","36,093",30.78%,27.58%,34.09%,31.06%,26.94%,34.95%,30.55%,28.07%,33.32%,183,196,167,138,156,128,234,239,232,1,1,1,1,1,1,6,6,6,63.65,70.14,56.82,58.25,66.3,50.51,67.66,72.77,61.9,"43,143",373
Zamoran ,Kech ,,Balochistan,"10,074","5,257","4,815","10,074","5,257","4,815",0,0,0,"15,160","8,573","6,585","15,160","8,573","6,585",0,0,0,66.45%,61.32%,73.12%,66.45%,61.32%,73.12%,0.00%,0.00%,0.00%,475,489,456,420,439,386,1,1,1,8,8,8,7,7,7,1,1,1,28.97,31.63,25.84,28.97,31.63,25.84,-,-,-,"10,074",103
Kharan ,Kharan ,,Balochistan,"22,230","11,387","10,843","5,733","2,915","2,818","16,497","8,472","8,025","38,826","21,914","16,912","9,150","4,988","4,162","29,676","16,926","12,750",57.26%,51.96%,64.11%,62.66%,58.44%,67.71%,55.59%,50.05%,62.94%,389,420,369,372,413,334,364,358,366,1,1,1,2,3,1,4,4,4,48.63,59.17,36.60,38.54,47.63,28.86,51.18,61.97,38.65,"22,230",217
Patkain ,Kharan ,,Balochistan,"4,229","1,956","2,273","4,229","1,956","2,273",0,0,0,"6,817","3,496","3,321","6,817","3,496","3,321",0,0,0,62.04%,55.95%,68.44%,62.04%,55.95%,68.44%,0.00%,0.00%,0.00%,433,451,413,364,387,337,1,1,1,2,2,3,1,1,3,1,1,1,35.06,49,21.95,35.06,49,21.95,-,-,-,"4,229",29
Sar Kharan ,Kharan ,,Balochistan,"21,756","11,279","10,473","21,756","11,279","10,473",0,0,0,"34,628","19,303","15,321","34,628","19,303","15,321",0,0,0,62.83%,58.43%,68.36%,62.83%,58.43%,68.36%,0.00%,0.00%,0.00%,444,467,412,374,412,336,1,1,1,3,3,2,3,2,2,1,1,1,36.7,47.31,25.17,36.7,47.31,25.17,-,-,-,"21,756",213
Tomulk ,Kharan ,,Balochistan,"13,407","7,034","6,373","13,407","7,034","6,373",0,0,0,"19,534","10,876","8,658","19,534","10,876","8,658",0,0,0,68.63%,64.67%,73.61%,68.63%,64.67%,73.61%,0.00%,0.00%,0.00%,495,523,458,442,475,391,1,1,1,4,4,4,4,4,4,1,1,1,34.81,44.22,24.68,34.81,44.22,24.68,-,-,-,"13,407",133
Aranji ,Khuzdar ,,Balochistan,"14,362","8,022","6,338","14,362","8,022","6,338",0,0,0,"17,588","10,466","7,120","17,588","10,466","7,120",0,0,0,81.66%,76.65%,89.02%,81.66%,76.65%,89.02%,0.00%,0.00%,0.00%,568,569,567,530,528,528,1,1,1,9,9,9,9,9,9,1,1,1,12.11,17.67,5.40,12.11,17.67,5.4,-,-,-,"14,362",145
Gresha ,Khuzdar ,,Balochistan,"17,294","9,355","7,937","17,294","9,355","7,937",0,0,0,"25,034","14,455","10,577","25,034","14,455","10,577",0,0,0,69.08%,64.72%,75.04%,69.08%,64.72%,75.04%,0.00%,0.00%,0.00%,498,524,475,444,477,412,1,1,1,7,7,5,6,7,4,1,1,1,22.1,27.06,16.38,22.1,27.06,16.38,-,-,-,"17,294",176
Karakh ,Khuzdar ,,Balochistan,"7,404","3,594","3,810","7,404","3,594","3,810",0,0,0,"11,136","5,977","5,159","11,136","5,977","5,159",0,0,0,66.49%,60.13%,73.85%,66.49%,60.13%,73.85%,0.00%,0.00%,0.00%,476,479,461,421,426,397,1,1,1,4,4,4,3,3,3,1,1,1,32.14,39.7,24.41,32.14,39.7,24.41,-,-,-,"7,404",74
Khuzdar ,Khuzdar ,,Balochistan,"79,162","40,368","38,792","35,349","17,997","17,352","43,813","22,371","21,440","129,302","71,230","58,070","52,009","28,908","23,101","77,293","42,322","34,969",61.22%,56.67%,66.80%,67.97%,62.26%,75.11%,56.68%,52.86%,61.31%,426,455,399,433,451,413,366,368,364,2,2,2,4,5,5,8,9,8,43.85,50.4,36.48,32.31,40.53,23.2,51.25,56.66,45.11,"79,162",501
Mola ,Khuzdar ,,Balochistan,"8,401","4,212","4,189","8,401","4,212","4,189",0,0,0,"12,994","7,153","5,841","12,994","7,153","5,841",0,0,0,64.65%,58.88%,71.72%,64.65%,58.88%,71.72%,0.00%,0.00%,0.00%,465,472,447,395,420,377,1,1,1,3,3,3,2,2,2,1,1,1,52.68,59.48,45.32,52.68,59.48,45.32,-,-,-,"8,401",85
Naal ,Khuzdar ,,Balochistan,"26,157","13,811","12,345","13,717","7,060","6,656","12,440","6,751","5,689","38,263","21,814","16,448","20,133","11,374","8,758","18,130","10,440","7,690",68.36%,63.31%,75.05%,68.13%,62.07%,76.00%,68.62%,64.66%,73.98%,494,516,476,436,448,424,376,375,376,6,6,6,5,4,6,10,10,10,47.26,53.94,39.73,41.22,49.08,32.7,54.44,59.49,48.48,"26,157",249
Ornach ,Khuzdar ,,Balochistan,"8,578","4,724","3,854","8,578","4,724","3,854",0,0,0,"11,544","6,824","4,720","11,544","6,824","4,720",0,0,0,74.31%,69.23%,81.65%,74.31%,69.23%,81.65%,0.00%,0.00%,0.00%,542,546,527,496,505,478,1,1,1,8,8,8,8,8,8,1,1,1,21.58,27,15.09,21.58,27,15.09,-,-,-,"8,578",87
Saroona ,Khuzdar ,,Balochistan,"11,130","6,049","5,081","11,130","6,049","5,081",0,0,0,"13,328","7,696","5,632","13,328","7,696","5,632",0,0,0,83.51%,78.60%,90.22%,83.51%,78.60%,90.22%,0.00%,0.00%,0.00%,576,574,574,537,536,534,1,1,1,10,10,10,10,10,10,1,1,1,24.22,28,19.68,24.22,28,19.68,-,-,-,"11,130",111
Wadh ,Khuzdar ,,Balochistan,"27,847","13,913","13,933","22,467","11,370","11,096","5,380","2,543","2,837","40,878","22,900","17,977","31,599","17,742","13,856","9,279","5,158","4,121",68.12%,60.76%,77.50%,71.10%,64.09%,80.08%,57.98%,49.30%,68.84%,489,484,500,466,471,463,368,357,370,5,5,7,7,6,7,9,7,9,31.83,41.57,20.81,26.24,35.71,15.47,49.67,60.51,37.65,"27,847",263
Zehri ,Khuzdar ,,Balochistan,"34,570","18,704","15,865","18,714","9,764","8,949","15,856","8,940","6,916","60,579","34,682","25,896","30,444","17,170","13,273","30,135","17,512","12,623",57.07%,53.93%,61.26%,61.47%,56.87%,67.42%,52.62%,51.05%,54.79%,386,440,352,357,398,329,357,363,344,1,1,1,1,1,1,7,8,7,49.38,54.39,43.71,37.27,43.97,29.91,62.35,65.19,59.02,"34,570",318
Dobandi ,Killa Abdullah ,,Balochistan,"22,126","11,051","11,073","22,126","11,051","11,073",0,0,0,"25,285","13,449","11,834","25,285","13,449","11,834",0,0,0,87.51%,82.17%,93.57%,87.51%,82.17%,93.57%,0.00%,0.00%,0.00%,581,580,584,544,543,546,1,1,1,3,3,3,3,3,3,1,1,1,18.1,22.07,13.75,18.1,22.07,13.75,-,-,-,"22,126",215
Gulistan ,Killa Abdullah ,,Balochistan,"28,901","13,389","15,509","28,901","13,389","15,509",0,0,0,"39,754","20,910","18,841","39,754","20,910","18,841",0,0,0,72.70%,64.03%,82.32%,72.70%,64.03%,82.32%,0.00%,0.00%,0.00%,530,521,532,483,469,484,1,1,1,1,1,1,1,1,1,1,1,1,36.12,49.49,21.54,36.12,49.49,21.54,-,-,-,"28,901",270
Killa Abdullah ,Killa Abdullah ,,Balochistan,"41,249","19,759","21,488","31,034","13,991","17,041","10,215","5,768","4,447","54,925","29,083","25,840","42,243","21,607","20,634","12,682","7,476","5,206",75.10%,67.94%,83.16%,73.47%,64.75%,82.59%,80.55%,77.15%,85.42%,548,536,536,488,478,487,380,381,381,2,2,2,2,2,2,3,3,3,44,55.9,31.42,46.64,59.8,33.25,34.72,43.26,24.4,"41,249",367
Badini ,Killa Saifullah ,,Balochistan,"6,283","3,215","3,068","6,283","3,215","3,068",0,0,0,"8,442","5,099","3,343","8,442","5,099","3,343",0,0,0,74.43%,63.05%,91.77%,74.43%,63.05%,91.77%,0.00%,0.00%,0.00%,543,512,579,497,461,540,1,1,1,5,6,5,5,6,5,1,1,1,19.15,27.33,9.64,19.15,27.33,9.64,-,-,-,"6,283",55
Kan Mehtarzai ,Killa Saifullah ,,Balochistan,"5,269","1,901","3,367","5,269","1,901","3,367",0,0,0,"10,877","5,359","5,517","10,877","5,359","5,517",0,0,0,48.44%,35.47%,61.03%,48.44%,35.47%,61.03%,0.00%,0.00%,0.00%,311,254,351,245,209,280,1,1,1,1,1,1,1,1,1,1,1,1,53.65,68.36,38.43,53.65,68.36,38.43,-,-,-,"5,269",37
Killa Saifullah ,Killa Saifullah ,,Balochistan,"34,212","15,157","19,055","28,757","12,880","15,877","5,455","2,277","3,178","54,649","30,011","24,638","43,333","24,168","19,165","11,316","5,843","5,473",62.60%,50.50%,77.34%,66.36%,53.29%,82.84%,48.21%,38.97%,58.07%,441,399,498,419,359,490,339,319,361,3,3,3,3,4,3,5,5,6,30.77,40.94,19.43,24.94,34.91,13.7,48.69,59.91,36.62,"34,212",312
Loiband ,Killa Saifullah ,,Balochistan,"7,540","2,841","4,699","7,540","2,841","4,699",0,0,0,"10,671","5,437","5,234","10,671","5,437","5,234",0,0,0,70.66%,52.25%,89.78%,70.66%,52.25%,89.78%,0.00%,0.00%,0.00%,512,422,572,462,347,532,1,1,1,4,4,4,4,3,4,1,1,1,25.81,40.77,10.77,25.81,40.77,10.77,-,-,-,"7,540",76
Muslim Bagh ,Killa Saifullah ,,Balochistan,"16,116","6,744","9,372","11,281","4,637","6,644","4,835","2,107","2,728","30,377","16,096","14,281","20,393","10,981","9,412","9,984","5,115","4,869",53.05%,41.90%,65.63%,55.32%,42.23%,70.59%,48.43%,41.19%,56.03%,355,322,381,306,266,365,340,334,350,2,2,2,2,2,2,6,6,5,45.36,56.55,34.11,40.71,53.15,27.88,53.76,62.9,44.97,"16,116",162
Shinki ,Killa Saifullah ,,Balochistan,"15,905","6,500","9,405","15,905","6,500","9,405",0,0,0,"21,235","11,138","10,097","21,235","11,138","10,097",0,0,0,74.90%,58.36%,93.15%,74.90%,58.36%,93.15%,0.00%,0.00%,0.00%,547,466,582,503,410,544,1,1,1,6,5,6,6,5,6,1,1,1,14.93,25.24,3.93,14.93,25.24,3.93,-,-,-,"15,905",159
Grisani ,Kohlu ,,Balochistan,"4,679","2,378","2,301","4,679","2,378","2,301",0,0,0,"6,462","3,390","3,072","6,462","3,390","3,072",0,0,0,72.41%,70.15%,74.90%,72.41%,70.15%,74.90%,0.00%,0.00%,0.00%,528,552,474,480,511,411,1,1,1,3,3,3,3,3,3,1,1,1,34.4,37.89,30.73,34.4,37.89,30.73,-,-,-,"4,679",35
Kahan ,Kohlu ,,Balochistan,"34,230","19,380","14,845","34,230","19,380","14,845",0,0,0,"41,671","23,372","18,293","41,671","23,372","18,293",0,0,0,82.14%,82.92%,81.15%,82.14%,82.92%,81.15%,0.00%,0.00%,0.00%,570,583,526,531,546,475,1,1,1,5,5,5,5,5,5,1,1,1,19.87,21.39,17.99,19.87,21.39,17.99,-,-,-,"34,230",313
Kohlu ,Kohlu ,,Balochistan,"7,195","2,986","4,209","5,766","2,399","3,367","1,429",587,842,"16,900","7,766","9,134","10,129","4,639","5,490","6,771","3,127","3,644",42.57%,38.45%,46.08%,56.93%,51.71%,61.33%,21.10%,18.77%,23.11%,264,279,242,315,342,282,135,96,154,1,1,1,1,1,1,5,5,5,49.76,62.65,37.59,39.26,52.7,26.36,65.11,77.48,53.7,"7,195",71
Mawand ,Kohlu ,,Balochistan,"15,102","7,659","7,443","15,102","7,659","7,443",0,0,0,"19,415","9,855","9,560","19,415","9,855","9,560",0,0,0,77.79%,77.72%,77.86%,77.79%,77.72%,77.86%,0.00%,0.00%,0.00%,561,572,502,518,533,446,1,1,1,4,4,4,4,4,4,1,1,1,25.75,27.72,23.55,25.75,27.72,23.55,-,-,-,"15,102",151
Tamboo ,Kohlu ,,Balochistan,"8,310","4,169","4,141","8,310","4,169","4,141",0,0,0,"12,989","6,693","6,296","12,989","6,693","6,296",0,0,0,63.98%,62.29%,65.77%,63.98%,62.29%,65.77%,0.00%,0.00%,0.00%,457,503,384,386,452,317,1,1,1,2,2,2,2,2,2,1,1,1,29.32,38.36,19.63,29.32,38.36,19.63,-,-,-,"8,310",84
Bela ,Lasbela ,,Balochistan,"24,012","11,634","12,375","20,167","9,701","10,463","3,845","1,933","1,912","43,636","23,186","20,445","33,189","17,047","16,137","10,447","6,139","4,308",55.03%,50.18%,60.53%,60.76%,56.91%,64.84%,36.80%,31.49%,44.38%,368,397,346,350,399,308,285,277,306,4,4,4,4,4,4,5,5,5,40.98,51.87,29.17,34.18,44.86,22.87,62.1,72.73,49.74,"24,012",231
Dureji ,Lasbela ,,Balochistan,"13,482","6,371","7,111","9,172","4,336","4,836","4,310","2,035","2,275","17,904","9,074","8,830","12,661","6,381","6,280","5,243","2,693","2,550",75.30%,70.21%,80.53%,72.44%,67.95%,77.01%,82.20%,75.57%,89.22%,550,553,521,481,493,435,381,380,382,9,9,9,8,8,9,9,9,9,15.58,23.01,7.70,16.27,23.44,8.77,14.02,22.05,5.22,"13,482",134
Gaddani ,Lasbela ,,Balochistan,"2,405",825,"1,580","1,121",394,727,"1,284",431,853,"7,821","3,765","4,056","3,196","1,552","1,644","4,625","2,213","2,412",30.75%,21.91%,38.95%,35.08%,25.39%,44.22%,27.76%,19.48%,35.36%,182,114,199,169,135,179,215,111,248,1,1,1,1,1,1,4,4,4,48.57,59.85,37.19,47.31,62.32,32.21,49.39,58.23,40.46,"2,405",9
Hub ,Lasbela ,,Balochistan,"39,655","18,025","21,630","6,913","3,160","3,753","32,742","14,865","17,877","74,820","37,411","37,408","11,699","5,727","5,971","63,121","31,684","31,437",53.00%,48.18%,57.82%,59.09%,55.18%,62.85%,51.87%,46.92%,56.87%,353,379,325,333,382,289,354,351,354,3,3,3,3,3,3,8,8,8,44.35,53.87,34.34,37.08,47.57,26.42,45.75,55.05,35.9,"39,655",356
Kanraj ,Lasbela ,,Balochistan,"3,892","1,792","2,099","3,892","1,792","2,099",0,0,0,"5,627","2,854","2,772","5,627","2,854","2,772",0,0,0,69.17%,62.79%,75.72%,69.17%,62.79%,75.72%,0.00%,0.00%,0.00%,500,511,486,445,459,420,1,1,1,6,6,7,6,6,7,1,1,1,20.32,30.8,8.93,20.32,30.8,8.93,-,-,-,"3,892",26
Lakhra ,Lasbela ,,Balochistan,"12,266","5,836","6,430","12,266","5,836","6,430",0,0,0,"16,860","8,430","8,430","16,860","8,430","8,430",0,0,0,72.75%,69.23%,76.28%,72.75%,69.23%,76.28%,0.00%,0.00%,0.00%,531,547,489,484,506,426,1,1,1,8,8,8,9,9,8,1,1,1,15.31,22.87,7.50,15.31,22.87,7.5,-,-,-,"12,266",124
Lairi ,Lasbela ,,Balochistan,"4,409","2,221","2,188","4,409","2,221","2,188",0,0,0,"6,248","3,271","2,977","6,248","3,271","2,977",0,0,0,70.57%,67.90%,73.50%,70.57%,67.90%,73.50%,0.00%,0.00%,0.00%,511,534,457,461,491,389,1,1,1,7,7,6,7,7,5,1,1,1,16.09,21.3,10.46,16.09,21.3,10.46,-,-,-,"4,409",32
Sonmiani,Lasbela ,,Balochistan,"9,921","4,267","5,654","4,706","1,996","2,710","5,215","2,271","2,944","20,336","9,899","10,437","9,435","4,596","4,839","10,901","5,303","5,598",48.79%,43.11%,54.17%,49.88%,43.43%,56.00%,47.84%,42.82%,52.59%,317,332,299,256,276,245,338,342,337,2,2,2,2,2,2,7,7,7,35.8,45.58,25.89,32.98,42.79,23.22,38.48,48.18,28.48,"9,921",98
Uthal ,Lasbela ,,Balochistan,"17,102","8,252","8,850","12,559","6,258","6,301","4,543","1,994","2,549","30,155","15,964","14,191","18,654","10,094","8,560","11,501","5,870","5,631",56.71%,51.69%,62.36%,67.33%,62.00%,73.61%,39.50%,33.97%,45.27%,382,414,362,428,447,392,299,295,309,5,5,5,5,5,6,6,6,6,33.95,42.72,23.99,19.87,27.73,10.92,52.45,62.4,41.14,"17,102",174
Bori ,Loralai ,,Balochistan,"36,756","14,196","22,556","31,659","11,634","20,021","5,097","2,562","2,535","79,026","42,212","36,810","60,141","32,226","27,911","18,885","9,986","8,899",46.51%,33.63%,61.28%,52.64%,36.10%,71.73%,26.99%,25.66%,28.49%,292,241,353,281,212,378,206,210,193,1,1,1,1,1,1,2,2,2,46.82,57.87,34.53,40.27,51.34,28.02,64.54,75.36,52.31,"36,756",335
Mekhtar,Loralai ,,Balochistan,"10,582","3,584","6,998","10,582","3,584","6,998",0,0,0,"17,622","9,139","8,483","17,622","9,139","8,483",0,0,0,60.05%,39.22%,82.49%,60.05%,39.22%,82.49%,0.00%,0.00%,0.00%,412,289,534,344,237,486,1,1,1,2,2,2,2,2,2,1,1,1,24.55,35.93,11.92,24.55,35.93,11.92,-,-,-,"10,582",105
Dasht Spenzend,Mastung ,,Balochistan,"14,210","6,954","7,256","14,210","6,954","7,256",0,0,0,"23,473","13,153","10,320","23,473","13,153","10,320",0,0,0,60.54%,52.87%,70.31%,60.54%,52.87%,70.31%,0.00%,0.00%,0.00%,418,426,434,348,355,356,1,1,1,3,3,3,3,3,3,1,1,1,36.79,48.48,23.14,36.79,48.48,23.14,-,-,-,"14,210",143
Khad Kocha ,Mastung ,,Balochistan,"11,278","5,470","5,808","11,278","5,470","5,808",0,0,0,"17,893","9,761","8,132","17,893","9,761","8,132",0,0,0,63.03%,56.04%,71.42%,63.03%,56.04%,71.42%,0.00%,0.00%,0.00%,447,452,443,378,389,371,1,1,1,4,4,4,4,4,4,1,1,1,33.22,42.69,22.55,33.22,42.69,22.55,-,-,-,"11,278",114
Kirdgap ,Mastung ,,Balochistan,"7,587","3,520","4,067","7,587","3,520","4,067",0,0,0,"13,172","7,046","6,126","13,172","7,046","6,126",0,0,0,57.60%,49.96%,66.39%,57.60%,49.96%,66.39%,0.00%,0.00%,0.00%,393,395,391,322,330,320,1,1,1,2,2,2,2,2,2,1,1,1,42.71,55.8,28.34,42.71,55.8,28.34,-,-,-,"7,587",77
Mastung ,Mastung ,,Balochistan,"24,627","11,662","12,963","21,127","10,126","10,999","3,500","1,536","1,964","54,569","29,515","25,052","42,534","23,090","19,442","12,035","6,425","5,610",45.13%,39.51%,51.74%,49.67%,43.85%,56.57%,29.08%,23.91%,35.01%,283,292,280,254,279,249,222,190,243,1,1,1,1,1,1,4,4,4,53.7,65.04,41.07,48.71,60.54,35.51,68.28,78.23,57.24,"24,627",236
Drug ,Musakhel ,,Balochistan,"2,062",815,"1,247","2,062",815,"1,247",0,0,0,"6,767","3,398","3,369","6,767","3,398","3,369",0,0,0,30.47%,23.98%,37.01%,30.47%,23.98%,37.01%,0.00%,0.00%,0.00%,179,148,186,131,116,144,1,1,1,1,1,1,1,1,1,1,1,1,65.37,80.17,49.80,65.37,80.17,49.8,-,-,-,"2,062",6
Kingri ,Musakhel ,,Balochistan,"4,402","1,960","2,442","4,402","1,960","2,442",0,0,0,"11,052","5,814","5,238","11,052","5,814","5,238",0,0,0,39.83%,33.71%,46.62%,39.83%,33.71%,46.62%,0.00%,0.00%,0.00%,239,243,250,194,201,193,1,1,1,2,2,2,2,2,2,1,1,1,45.37,56.99,33.18,45.37,56.99,33.18,-,-,-,"4,402",31
Musakhel ,Musakhel ,,Balochistan,"9,863","5,114","4,748","7,826","4,135","3,690","2,037",979,"1,058","19,660","11,301","8,358","13,470","7,829","5,640","6,190","3,472","2,718",50.17%,45.25%,56.81%,58.10%,52.82%,65.43%,32.91%,28.20%,38.93%,329,351,316,324,353,313,261,243,268,3,3,3,3,3,3,6,6,6,34.51,45.26,22.49,20.95,31.4,9.07,60.61,72.55,47.67,"9,863",97
Tiyar Essot ,Musakhel ,,Balochistan,"3,250","1,900","1,350","3,250","1,900","1,350",0,0,0,"5,189","3,242","1,947","5,189","3,242","1,947",0,0,0,62.63%,58.61%,69.34%,62.63%,58.61%,69.34%,0.00%,0.00%,0.00%,442,470,421,371,417,342,1,1,1,6,6,6,6,6,6,1,1,1,24.71,32.26,14.78,24.71,32.26,14.78,-,-,-,"3,250",19
Toisar ,Musakhel ,,Balochistan,"13,565","6,759","6,806","13,565","6,759","6,806",0,0,0,"22,618","12,413","10,205","22,618","12,413","10,205",0,0,0,59.97%,54.45%,66.69%,59.97%,54.45%,66.69%,0.00%,0.00%,0.00%,411,442,397,343,375,323,1,1,1,4,4,4,4,4,4,1,1,1,26.06,36.93,14.50,26.06,36.93,14.5,-,-,-,"13,565",135
Zimri Plaseen ,Musakhel ,,Balochistan,"2,078",961,"1,117","2,078",961,"1,117",0,0,0,"3,325","1,698","1,627","3,325","1,698","1,627",0,0,0,62.50%,56.60%,68.65%,62.50%,56.60%,68.65%,0.00%,0.00%,0.00%,439,454,416,370,395,340,1,1,1,5,5,5,5,5,5,1,1,1,15.02,21.7,7.44,15.02,21.7,7.44,-,-,-,"2,078",8
Baba Kot ,Nasirabad ,,Balochistan,"18,062","9,517","8,543","18,062","9,517","8,543",0,0,0,"21,267","11,710","9,555","21,267","11,710","9,555",0,0,0,84.93%,81.27%,89.41%,84.93%,81.27%,89.41%,0.00%,0.00%,0.00%,579,578,569,541,542,530,1,1,1,5,6,5,5,6,5,1,1,1,15.41,18.61,11.86,15.41,18.61,11.86,-,-,-,"18,062",184
Chattar ,Nasirabad ,,Balochistan,"9,119","4,273","4,846","9,119","4,273","4,846",0,0,0,"10,414","5,258","5,156","10,414","5,258","5,156",0,0,0,87.56%,81.27%,93.99%,87.56%,81.27%,93.99%,0.00%,0.00%,0.00%,582,577,586,545,541,548,1,1,1,6,5,6,6,5,6,1,1,1,17.21,24.47,9.59,17.21,24.47,9.59,-,-,-,"9,119",91
Dera Murad Jamali ,Nasirabad ,,Balochistan,"62,917","29,968","32,946","44,855","22,041","22,811","18,062","7,927","10,135","94,292","48,342","45,947","57,512","30,285","27,224","36,780","18,057","18,723",66.73%,61.99%,71.70%,77.99%,72.78%,83.79%,49.11%,43.90%,54.13%,479,499,446,521,518,496,344,345,341,1,1,1,3,3,3,6,6,6,34.93,44.38,25.13,25.68,32.49,18.44,48.34,62.18,34.53,"62,917",456
Landhi ,Nasirabad ,,Balochistan,"2,608","1,254","1,354","2,608","1,254","1,354",0,0,0,"3,102","1,574","1,528","3,102","1,574","1,528",0,0,0,84.07%,79.67%,88.61%,84.07%,79.67%,88.61%,0.00%,0.00%,0.00%,577,575,564,540,538,525,1,1,1,4,4,4,4,4,4,1,1,1,17.6,21.02,13.85,17.6,21.02,13.85,-,-,-,"2,608",11
Mir Hassan Khosa ,Nasirabad ,,Balochistan,"15,381","7,010","8,367","15,381","7,010","8,367",0,0,0,"20,191","10,162","10,025","20,191","10,162","10,025",0,0,0,76.18%,68.98%,83.46%,76.18%,68.98%,83.46%,0.00%,0.00%,0.00%,552,544,539,508,501,495,1,1,1,3,2,3,2,1,2,1,1,1,22.99,31.08,14.72,22.99,31.08,14.72,-,-,-,"15,381",155
Tamboo ,Nasirabad ,,Balochistan,"43,120","21,161","21,958","43,120","21,161","21,958",0,0,0,"57,684","29,971","27,712","57,684","29,971","27,712",0,0,0,74.75%,70.60%,79.24%,74.75%,70.60%,79.24%,0.00%,0.00%,0.00%,546,555,512,502,512,455,1,1,1,2,3,2,1,2,1,1,1,1,28.8,34.61,22.80,28.8,34.61,22.8,-,-,-,"43,120",372
Dak ,Nushki ,,Balochistan,"3,020","1,421","1,599","3,020","1,421","1,599",0,0,0,"5,698","2,922","2,776","5,698","2,922","2,776",0,0,0,53.00%,48.63%,57.60%,53.00%,48.63%,57.60%,0.00%,0.00%,0.00%,354,384,323,286,314,258,1,1,1,2,2,2,2,2,2,1,1,1,36.29,48.66,24.04,36.29,48.66,24.04,-,-,-,"3,020",14
Nushki ,Nushki ,,Balochistan,"28,049","13,321","14,728","22,573","11,084","11,489","5,476","2,237","3,239","63,384","33,411","29,973","47,577","25,057","22,520","15,807","8,354","7,453",44.25%,39.87%,49.14%,47.45%,44.24%,51.02%,34.64%,26.78%,43.46%,276,296,262,240,281,214,270,226,303,1,1,1,1,1,1,2,2,2,59.04,71.07,46.10,56.41,68.55,43.43,66.33,77.98,53.57,"28,049",265
Gichk ,Panjgur ,,Balochistan,"6,794","4,333","2,460","6,794","4,333","2,460",0,0,0,"7,693","4,871","2,821","7,693","4,871","2,821",0,0,0,88.31%,88.96%,87.20%,88.31%,88.96%,87.20%,0.00%,0.00%,0.00%,587,591,557,550,554,515,1,1,1,5,5,5,5,5,5,1,1,1,20.15,21.68,17.50,20.15,21.68,17.5,-,-,-,"6,794",63
Gowargo ,Panjgur ,,Balochistan,"6,348","3,549","2,798","6,348","3,549","2,798",0,0,0,"9,523","5,155","4,367","9,523","5,155","4,367",0,0,0,66.66%,68.85%,64.07%,66.66%,68.85%,64.07%,0.00%,0.00%,0.00%,477,542,368,423,499,301,1,1,1,3,3,2,3,3,2,1,1,1,27.57,31.66,22.55,27.57,31.66,22.55,-,-,-,"6,348",56
Jaheen Parome ,Panjgur ,,Balochistan,"6,947","3,454","3,492","6,947","3,454","3,492",0,0,0,"10,841","5,452","5,388","10,841","5,452","5,388",0,0,0,64.08%,63.35%,64.81%,64.08%,63.35%,64.81%,0.00%,0.00%,0.00%,458,517,373,387,464,307,1,1,1,2,2,3,2,2,3,1,1,1,38.64,42.62,34.41,38.64,42.62,34.41,-,-,-,"6,947",66
Kallag ,Panjgur ,,Balochistan,"4,247","2,553","1,694","4,247","2,553","1,694",0,0,0,"5,264","3,095","2,169","5,264","3,095","2,169",0,0,0,80.68%,82.49%,78.10%,80.68%,82.49%,78.10%,0.00%,0.00%,0.00%,566,581,505,526,544,450,1,1,1,4,4,4,4,4,4,1,1,1,38.4,43.15,31.04,38.4,43.15,31.04,-,-,-,"4,247",30
Panjgur ,Panjgur ,,Balochistan,"66,479","32,094","34,380","35,671","17,357","18,313","30,808","14,737","16,067","110,639","55,510","55,122","65,005","32,158","32,845","45,634","23,352","22,277",60.09%,57.82%,62.37%,54.87%,53.97%,55.76%,67.51%,63.11%,72.12%,413,462,363,304,372,242,375,374,375,1,1,1,1,1,1,5,5,5,46.19,50.72,41.32,53.73,60.49,46.96,36.43,39.07,33.31,"66,479",469
Barshore ,Pishin ,,Balochistan,"36,329","18,497","17,826","36,329","18,497","17,826",0,0,0,"56,378","31,075","25,297","56,378","31,075","25,297",0,0,0,64.44%,59.52%,70.47%,64.44%,59.52%,70.47%,0.00%,0.00%,0.00%,463,476,436,393,423,359,1,1,1,5,6,4,4,6,3,1,1,1,47.61,60.54,34.35,47.61,60.54,34.35,-,-,-,"36,329",331
Bostan ,Pishin ,,Balochistan,"11,443","5,363","6,078","11,443","5,363","6,078",0,0,0,"16,782","8,583","8,197","16,782","8,583","8,197",0,0,0,68.19%,62.48%,74.15%,68.19%,62.48%,74.15%,0.00%,0.00%,0.00%,490,508,463,437,456,400,1,1,1,7,7,6,7,7,6,1,1,1,45.19,55.72,34.13,45.19,55.72,34.13,-,-,-,"11,443",116
Huramzai ,Pishin ,,Balochistan,"34,239","14,178","20,061","22,889","9,374","13,515","11,350","4,804","6,546","53,020","26,752","26,268","34,857","17,420","17,437","18,163","9,332","8,831",64.58%,53.00%,76.37%,65.67%,53.81%,77.51%,62.49%,51.48%,74.13%,464,428,491,409,371,441,373,364,377,6,4,7,6,4,7,7,6,7,39.67,61.32,18.72,40.89,64.03,18.33,36.47,54.14,19.71,"34,239",314
Karezat ,Pishin ,,Balochistan,"9,111","4,273","4,838","2,952","1,374","1,578","6,159","2,899","3,260","20,824","10,921","9,903","4,567","2,355","2,212","16,257","8,566","7,691",43.75%,39.13%,48.85%,64.64%,58.34%,71.34%,37.89%,33.84%,42.39%,272,286,260,394,408,370,293,292,298,2,2,2,5,5,4,4,4,4,74.18,81.15,67.24,70.71,80.59,60.59,75.15,81.31,69.07,"9,111",90
Nana Sahib ,Pishin ,,Balochistan,"6,195","2,966","3,229","6,195","2,966","3,229",0,0,0,"14,771","7,628","7,143","14,771","7,628","7,143",0,0,0,41.94%,38.88%,45.21%,41.94%,38.88%,45.21%,0.00%,0.00%,0.00%,258,284,238,204,234,186,1,1,1,1,1,1,1,1,1,1,1,1,68.08,79.58,56.26,68.08,79.58,56.26,-,-,-,"6,195",53
Pishin ,Pishin ,,Balochistan,"59,382","25,850","33,530","42,499","18,658","23,840","16,883","7,192","9,690","104,346","53,069","51,274","68,901","34,976","33,924","35,445","18,093","17,350",56.91%,48.71%,65.39%,61.68%,53.35%,70.27%,47.63%,39.75%,55.85%,384,385,378,360,362,354,337,325,348,3,3,3,2,2,2,5,5,5,52.5,67.35,37.13,50.63,66.74,34.3,56.03,68.46,42.64,"59,382",446
Saranan ,Pishin ,,Balochistan,"13,754","5,979","7,774","4,204","1,781","2,423","9,550","4,198","5,351","22,035","11,121","10,913","6,661","3,336","3,325","15,374","7,785","7,588",62.42%,53.76%,71.24%,63.11%,53.39%,72.87%,62.12%,53.92%,70.52%,438,438,441,379,363,385,372,371,372,4,5,5,3,3,5,6,7,6,48.33,63.8,33.13,33.17,50.44,15.74,54.83,69.64,40.44,"13,754",137
Quetta City,Quetta ,,Balochistan,"114,129","51,532","62,586","10,796","5,516","5,277","103,333","46,016","57,309","354,850","179,234","175,604","34,234","17,281","16,950","320,616","161,953","158,654",32.16%,28.75%,35.64%,31.54%,31.92%,31.13%,32.23%,28.41%,36.12%,194,206,178,143,187,103,256,248,255,1,1,1,1,1,1,4,4,2,63.97,71.45,56.16,62.63,67.17,58.21,64.15,71.97,55.89,"114,129",555
Kuchlak,Quetta ,,Balochistan,"38,492","16,653","21,838","34,147","14,939","19,208","4,345","1,714","2,630","92,974","48,207","44,766","79,410","41,362","38,048","13,564","6,845","6,718",41.40%,34.54%,48.78%,43.00%,36.12%,50.48%,32.03%,25.04%,39.15%,252,248,257,212,213,211,253,203,270,3,3,3,3,2,4,2,2,4,50.59,62.11,38.19,48.13,59.18,36.2,63.24,77.29,48.3,"38,492",348
Quetta Saddar ,Quetta ,,Balochistan,35627,15763,19858,18822,8711,10110,16805,7052,9748,"96,776","49,594","47,174","44,371","23,088","21,281","52,405","26,506","25,893",36.81%,31.78%,42.10%,42.42%,37.73%,47.51%,32.07%,26.61%,37.65%,218,228,219,210,224,195,254,223,261,2,2,2,2,3,2,3,3,3,56.66,67.59,45.03,49.25,59.37,38.55,61.2,72.6,49.02,"35,627",325
Sariab,Quetta ,,Balochistan,84600,37946,46648,75634,34320,41308,8966,3626,5340,"192,237","97,344","94,887","170,392","86,366","84,020","21,845","10,978","10,867",44.01%,38.98%,49.16%,44.39%,39.74%,49.16%,41.04%,33.03%,49.14%,273,285,263,216,240,207,311,288,326,4,4,4,4,4,3,5,5,5,42.99,52.33,32.73,42.36,51.18,32.65,47.78,61.29,33.4,"84,600",518
Panjpai,Quetta ,,Balochistan,3663,1588,2075,3663,1588,2075,0,0,0,"7,618","3,801","3,817","7,618","3,801","3,817",0,0,0,48.08%,41.78%,54.36%,48.08%,41.78%,54.36%,0.00%,0.00%,0.00%,307,320,300,243,259,230,1,1,1,5,5,5,5,5,5,1,1,1,37.67,50.73,24.52,37.67,50.73,24.52,-,-,-,"3,663",24
Sherani ,Sherani ,,Balochistan,55915,30268,25645,55915,30268,25645,0,0,0,"71,740","41,778","29,959","71,740","41,778","29,959",0,0,0,77.94%,72.45%,85.60%,77.94%,72.45%,85.60%,0.00%,0.00%,0.00%,562,560,550,519,517,509,1,1,1,1,1,1,1,1,1,1,1,1,23.86,31.53,15.02,23.86,31.53,15.02,-,-,-,"55,915",432
Kot Mandai,Sibi ,,Balochistan,3336,1875,1461,3336,1875,1461,0,0,0,"3,641","2,114","1,527","3,641","2,114","1,527",0,0,0,91.62%,88.69%,95.68%,91.62%,88.69%,95.68%,0.00%,0.00%,0.00%,591,590,589,554,553,551,1,1,1,4,4,4,4,4,4,1,1,1,8.93,13.54,3.63,8.93,13.54,3.63,-,-,-,"3,336",20
Lehri ,Sibi ,,Balochistan,14504,7025,7479,14504,7025,7479,0,0,0,"20,439","10,503","9,936","20,439","10,503","9,936",0,0,0,70.96%,66.89%,75.27%,70.96%,66.89%,75.27%,0.00%,0.00%,0.00%,516,533,481,464,488,416,1,1,1,2,2,2,2,1,2,1,1,1,40.79,51.37,29.54,40.79,51.37,29.54,-,-,-,"14,504",146
Sangan ,Sibi ,,Balochistan,1571,737,834,1571,737,834,0,0,0,"2,022","1,022","1,000","2,022","1,022","1,000",0,0,0,77.70%,72.11%,83.40%,77.70%,72.11%,83.40%,0.00%,0.00%,0.00%,560,559,538,517,516,494,1,1,1,3,3,3,3,3,3,1,1,1,22.67,33.57,12.43,22.67,33.57,12.43,-,-,-,"1,571",3
Sibi ,Sibi ,,Balochistan,27791,13532,14259,20959,10825,10134,6832,2707,4125,"49,395","25,277","24,117","30,231","15,906","14,324","19,164","9,371","9,793",56.26%,53.53%,59.12%,69.33%,68.06%,70.75%,35.65%,28.89%,42.12%,379,435,334,447,496,366,277,252,293,1,1,1,1,2,1,4,4,4,52.4,60.19,44.18,38,44.88,30.64,68.33,77.35,58.96,"27,791",261
Faridabad ,Sohbatpur ,,Balochistan,15578,6794,8784,15578,6794,8784,0,0,0,"25,035","12,703","12,332","25,035","12,703","12,332",0,0,0,62.22%,53.48%,71.23%,62.22%,53.48%,71.23%,0.00%,0.00%,0.00%,434,433,440,366,364,369,1,1,1,6,5,6,6,5,6,1,1,1,41.09,53.23,28.77,41.09,53.23,28.77,-,-,-,"15,578",156
Hair Din ,Sohbatpur ,,Balochistan,3140,1323,1817,3140,1323,1817,0,0,0,"6,556","3,381","3,175","6,556","3,381","3,175",0,0,0,47.90%,39.13%,57.23%,47.90%,39.13%,57.23%,0.00%,0.00%,0.00%,304,287,320,242,236,253,1,1,1,3,2,4,3,2,3,1,1,1,42.6,57.83,27.28,42.6,57.83,27.28,-,-,-,"3,140",17
Manjhipur ,Sohbatpur ,,Balochistan,3763,1545,2218,3763,1545,2218,0,0,0,"7,983","3,977","4,006","7,983","3,977","4,006",0,0,0,47.14%,38.85%,55.37%,47.14%,38.85%,55.37%,0.00%,0.00%,0.00%,300,283,307,239,232,239,1,1,1,2,1,3,2,1,2,1,1,1,43.85,58.49,29.13,43.85,58.49,29.13,-,-,-,"3,763",25
Panhwar ,Sohbatpur ,,Balochistan,10736,5305,5431,10736,5305,5431,0,0,0,"17,367","9,333","8,034","17,367","9,333","8,034",0,0,0,61.82%,56.84%,67.60%,61.82%,56.84%,67.60%,0.00%,0.00%,0.00%,431,458,408,362,397,332,1,1,1,5,6,5,5,6,5,1,1,1,35.38,45.25,24.58,35.38,45.25,24.58,-,-,-,"10,736",107
Saeed Muhammad Kanrani,Sohbatpur ,,Balochistan,3199,1389,1810,3199,1389,1810,0,0,0,"6,974","3,443","3,531","6,974","3,443","3,531",0,0,0,45.87%,40.34%,51.26%,45.87%,40.34%,51.26%,0.00%,0.00%,0.00%,288,305,274,228,248,215,1,1,1,1,3,1,1,3,1,1,1,1,45.9,58.14,33.57,45.9,58.14,33.57,-,-,-,"3,199",18
Sohbatpur ,Sohbatpur ,,Balochistan,11944,5415,6528,9489,4141,5347,2455,1274,1181,"24,068","12,261","11,806","17,913","9,050","8,862","6,155","3,211","2,944",49.63%,44.16%,55.29%,52.97%,45.76%,60.34%,39.89%,39.68%,40.12%,324,341,306,284,296,278,304,323,276,4,4,2,4,4,4,6,6,6,42.3,54.97,29.38,39.45,52.92,25.79,52.11,61.9,41.9,"11,944",121
Dasht E Goran ,Surab ,,Balochistan,8830,4664,4165,8830,4664,4165,0,0,0,"10,652","6,059","4,592","10,652","6,059","4,592",0,0,0,82.90%,76.98%,90.70%,82.90%,76.98%,90.70%,0.00%,0.00%,0.00%,572,570,576,533,530,536,1,1,1,4,4,4,4,4,4,1,1,1,38.85,39.49,38.10,38.85,39.49,38.1,-,-,-,"8,830",89
Gidder,Surab ,,Balochistan,20351,10140,10211,20351,10140,10211,0,0,0,"30,876","16,624","14,252","30,876","16,624","14,252",0,0,0,65.91%,61.00%,71.65%,65.91%,61.00%,71.65%,0.00%,0.00%,0.00%,470,487,445,413,434,375,1,1,1,1,1,1,1,1,1,1,1,1,36.31,43.6,28.61,36.31,43.6,28.61,-,-,-,"20,351",199
Shaheed Meharabad Zehri ,Surab ,,Balochistan,16460,7566,8894,16460,7566,8894,0,0,0,"23,393","12,131","11,262","23,393","12,131","11,262",0,0,0,70.36%,62.37%,78.97%,70.36%,62.37%,78.97%,0.00%,0.00%,0.00%,509,505,511,460,454,454,1,1,1,3,2,3,2,2,2,1,1,1,42.85,51.98,33.33,42.85,51.98,33.33,-,-,-,"16,460",164
Surab ,Surab ,,Balochistan,23786,10563,13221,17660,8026,9632,6126,2537,3589,"35,099","16,853","18,243","23,492","11,583","11,906","11,607","5,270","6,337",67.77%,62.68%,72.47%,75.17%,69.29%,80.90%,52.78%,48.14%,56.64%,485,509,450,505,507,473,358,356,352,2,3,2,3,3,3,4,4,4,34.34,43.21,25.99,26.44,33.24,19.85,47.4,60.29,35.8,"23,786",228
Basima ,Washuk ,,Balochistan,14960,8072,6887,14960,8072,6887,0,0,0,"22,630","12,778","9,851","22,630","12,778","9,851",0,0,0,66.11%,63.17%,69.91%,66.11%,63.17%,69.91%,0.00%,0.00%,0.00%,471,514,430,415,463,351,1,1,1,1,1,1,1,1,1,1,1,1,31.83,35.93,27.33,31.83,35.93,27.33,-,-,-,"14,960",148
Mashkhel ,Washuk ,,Balochistan,18736,10208,8524,18736,10208,8524,0,0,0,"25,740","15,016","10,720","25,740","15,016","10,720",0,0,0,72.79%,67.98%,79.51%,72.79%,67.98%,79.51%,0.00%,0.00%,0.00%,532,537,514,485,494,458,1,1,1,3,3,4,3,3,4,1,1,1,16.33,21.36,10.61,16.33,21.36,10.61,-,-,-,"18,736",189
Nag ,Washuk ,,Balochistan,16735,8828,7904,16735,8828,7904,0,0,0,"22,746","12,678","10,065","22,746","12,678","10,065",0,0,0,73.57%,69.63%,78.53%,73.57%,69.63%,78.53%,0.00%,0.00%,0.00%,535,550,508,490,510,452,1,1,1,4,4,3,4,4,3,1,1,1,18.02,22.81,12.50,18.02,22.81,12.5,-,-,-,"16,735",170
Shaogari ,Washuk ,,Balochistan,18302,9440,8862,18302,9440,8862,0,0,0,"25,565","14,189","11,376","25,565","14,189","11,376",0,0,0,71.59%,66.53%,77.90%,71.59%,66.53%,77.90%,0.00%,0.00%,0.00%,521,530,503,471,486,447,1,1,1,2,2,2,2,2,2,1,1,1,23.55,29.6,16.58,23.55,29.6,16.58,-,-,-,"18,302",186
Washuk ,Washuk ,,Balochistan,15277,7682,7595,4131,2134,1997,11146,5548,5598,"20,116","10,901","9,215","5,464","2,989","2,475","14,652","7,912","6,740",75.94%,70.47%,82.42%,75.60%,71.40%,80.69%,76.07%,70.12%,83.06%,551,554,533,507,513,471,379,378,379,5,5,5,5,5,5,5,5,5,18.1,24.35,11.39,13.82,19.34,7.7,19.65,26.21,12.69,"15,277",153
Ashwat,Zhob ,,Balochistan,7670,3966,3704,7670,3966,3704,0,0,0,"11,228","6,280","4,948","11,228","6,280","4,948",0,0,0,68.31%,63.15%,74.86%,68.31%,63.15%,74.86%,0.00%,0.00%,0.00%,492,513,473,440,462,410,1,1,1,4,4,4,4,4,4,1,1,1,14.51,19.82,8.48,14.51,19.82,8.48,-,-,-,"7,670",80
Kakar Khurasan ,Zhob ,,Balochistan,3078,1408,1670,3078,1408,1670,0,0,0,"5,374","2,869","2,505","5,374","2,869","2,505",0,0,0,57.28%,49.08%,66.67%,57.28%,49.08%,66.67%,0.00%,0.00%,0.00%,391,386,396,321,322,322,1,1,1,2,2,2,2,1,2,1,1,1,21.5,32.36,9.75,21.5,32.36,9.75,-,-,-,"3,078",15
Kashatoo ,Zhob ,,Balochistan,1543,743,800,1543,743,800,0,0,0,"2,215","1,170","1,045","2,215","1,170","1,045",0,0,0,69.66%,63.50%,76.56%,69.66%,63.50%,76.56%,0.00%,0.00%,0.00%,503,518,494,451,465,429,1,1,1,5,5,5,5,5,5,1,1,1,9.64,15.43,4.16,9.64,15.43,4.16,-,-,-,"1,543",2
Sambaza ,Zhob ,,Balochistan,7017,3989,3027,7017,3989,3027,0,0,0,"10,730","6,652","4,077","10,730","6,652","4,077",0,0,0,65.40%,59.97%,74.25%,65.40%,59.97%,74.25%,0.00%,0.00%,0.00%,467,478,465,402,425,401,1,1,1,3,3,3,3,3,3,1,1,1,21.65,24.93,16.90,21.65,24.93,16.9,-,-,-,"7,017",69
Zhob,Zhob ,,Balochistan,54341,26889,27450,50250,24724,25524,4091,2165,1926,"105,906","58,508","47,395","90,018","49,534","40,481","15,888","8,974","6,914",51.31%,45.96%,57.92%,55.82%,49.91%,63.05%,25.75%,24.13%,27.86%,343,361,327,311,329,293,190,192,188,1,1,1,1,2,1,5,5,5,41.27,50.71,30.66,35.33,44.32,25.32,70.18,81,57.43,"54,341",426
Sinjawi ,Ziarat ,,Balochistan,29608,14639,14964,19085,9156,9925,10523,5483,5039,"43,024","22,443","20,576","25,046","13,254","11,788","17,978","9,189","8,788",68.82%,65.23%,72.73%,76.20%,69.08%,84.20%,58.53%,59.67%,57.34%,496,525,453,509,502,499,369,373,358,2,2,2,2,2,2,2,2,2,35.88,43.68,27.30,29.07,36.12,21.18,45.65,54.76,35.89,"29,608",276
Ziarat ,Ziarat ,,Balochistan,13960,6142,7818,13467,5899,7568,493,243,250,"27,427","13,704","13,722","26,218","13,097","13,121","1,209",607,601,50.90%,44.82%,56.97%,51.37%,45.04%,57.68%,40.78%,40.03%,41.60%,336,348,317,272,287,260,308,327,289,1,1,1,1,1,1,1,1,1,54.2,67.94,41.65,53.37,67.23,40.72,67.86,79.57,57.01,"13,960",142
Islamabad ,Islamabad ,,ISLAMABAD CAPITAL TERRITORY,89127,47849,41275,43672,23415,20256,45455,24434,21019,"591,703","312,921","278,773","321,116","167,805","153,309","270,587","145,116","125,464",15.06%,15.29%,14.81%,13.60%,13.95%,13.21%,16.80%,16.84%,16.75%,32,34,24,24,30,19,63,63,70,1,1,1,1,1,1,1,1,1,83.97,88.23,79.13,84.88,89.13,80.16,82.91,87.19,77.87,"89,127",526
Badin ,Badin,,Sindh,"95,608","44,716","50,887","77,016","36,767","40,245","18,592","7,949","10,642","155,999","82,717","73,277","112,883","60,337","52,542","43,116","22,380","20,735",61.29%,54.06%,69.44%,68.23%,60.94%,76.60%,43.12%,35.52%,51.32%,428,441,425,439,433,432,322,307,335,4,4,3,4,4,4,4,4,4,37.7,48,26.45,30.76,41.23,19.26,53.75,63.78,42.93,"95,608",538
Shaheed Fazil Rahu,Badin,,Sindh,"87,366","42,337","45,029","77,958","37,887","40,071","9,408","4,450","4,958","123,523","66,308","57,215","104,997","56,359","48,638","18,526","9,949","8,577",70.73%,63.85%,78.70%,74.25%,67.22%,82.39%,50.78%,44.73%,57.81%,514,519,509,495,490,485,352,346,360,5,5,5,5,5,5,5,5,5,33.5,41.45,24.83,30.94,38.84,22.31,47.1,55.27,38.19,"87,366",521
Matli ,Badin,,Sindh,"81,716","36,136","45,574","68,434","30,377","38,051","13,282","5,759","7,523","147,604","78,019","69,579","115,334","61,195","54,133","32,270","16,824","15,446",55.36%,46.32%,65.50%,59.34%,49.64%,70.29%,41.16%,34.23%,48.71%,371,363,379,336,327,355,313,301,325,1,1,1,1,1,1,3,3,3,39.32,49.9,27.9,32.77,44.03,20.62,58.88,67.35,49.7,"81,716",507
Talhar ,Badin,,Sindh,"34,909","16,085","18,822","29,150","13,565","15,583","5,759","2,520","3,239","58,786","30,953","27,830","44,587","23,563","21,021","14,199","7,390","6,809",59.38%,51.97%,67.63%,65.38%,57.57%,74.13%,40.56%,34.10%,47.57%,406,421,409,401,402,399,307,298,320,2,3,2,3,3,3,2,2,2,34.16,43.2,24.5,28.07,37.73,17.71,50.19,57.73,42.24,"34,909",320
Tando Bago ,Badin,,Sindh,"81,785","37,407","44,374","73,499","33,911","39,584","8,286","3,496","4,790","136,536","72,988","63,543","115,268","61,828","53,435","21,268","11,160","10,108",59.90%,51.25%,69.83%,63.76%,54.85%,74.08%,38.96%,31.33%,47.39%,410,408,429,385,377,398,297,274,318,3,2,4,2,2,2,1,1,1,36.17,46.5,24.99,32.82,43.2,21.54,52.52,62.66,41.67,"81,785",509
Dadu ,Dadu,,Sindh,"65,033","28,925","36,107","50,363","22,287","28,076","14,670","6,638","8,031","160,268","80,274","79,992","100,653","50,410","50,242","59,615","29,864","29,750",40.58%,36.03%,45.14%,50.04%,44.21%,55.88%,24.61%,22.23%,26.99%,246,258,237,257,280,244,176,160,180,1,1,1,1,1,1,1,1,1,64.39,72.08,56.44,55.14,63.28,46.65,77.83,84.99,70.51,"65,033",463
Johi ,Dadu,,Sindh,"62,528","29,307","33,216","59,233","27,734","31,495","3,295","1,573","1,721","109,800","56,656","53,138","97,288","50,199","47,084","12,512","6,457","6,054",56.95%,51.73%,62.51%,60.88%,55.25%,66.89%,26.33%,24.36%,28.43%,385,416,364,352,383,326,198,196,192,4,4,4,4,4,4,2,3,2,30.25,38.28,21.81,27.16,34.99,18.9,52.82,62.74,42.72,"62,528",455
Khairpur Nathan Shah ,Dadu,,Sindh,"57,881","26,413","31,465","50,676","23,212","27,461","7,205","3,201","4,004","123,504","62,361","61,140","97,021","49,212","47,806","26,483","13,149","13,334",46.87%,42.35%,51.46%,52.23%,47.17%,57.44%,27.21%,24.34%,30.03%,298,326,278,279,303,256,209,194,208,2,2,2,2,2,2,3,2,4,43.42,52.38,34.15,38.76,47.61,29.55,59.22,68.85,49.53,"57,881",441
Mehar ,Dadu,,Sindh,"82,389","38,357","44,030","72,737","33,813","38,924","9,652","4,544","5,106","170,760","86,836","83,922","135,523","69,129","66,394","35,237","17,707","17,528",48.25%,44.17%,52.47%,53.67%,48.91%,58.63%,27.39%,25.66%,29.13%,309,343,287,290,320,269,213,212,197,3,3,3,3,3,3,4,4,3,43.05,51.15,34.69,37.89,45.96,29.45,60.55,69.21,52,"82,389",512
Daharki ,Ghotki,,Sindh,"63,385","27,773","35,611","53,297","23,116","30,180","10,088","4,657","5,431","108,475","57,597","50,877","81,326","43,350","37,975","27,149","14,247","12,902",58.43%,48.22%,69.99%,65.54%,53.32%,79.47%,37.16%,32.69%,42.09%,397,380,432,407,361,457,287,285,292,4,5,4,5,5,5,4,4,4,36.84,48.86,23.72,29.4,42.39,15.19,55.27,65,44.74,"63,385",459
Ghotki ,Ghotki,,Sindh,"91,701","38,228","53,471","78,313","32,314","45,997","13,388","5,914","7,474","174,019","91,594","82,423","135,387","71,308","64,077","38,632","20,286","18,346",52.70%,41.74%,64.87%,57.84%,45.32%,71.78%,34.66%,29.15%,40.74%,351,319,375,323,292,379,271,255,283,2,2,1,2,2,2,2,2,2,45.96,60.67,30.03,40.84,56.57,23.75,60.94,72.74,48.3,"91,701",530
Khangarh ,Ghotki,,Sindh,"28,307","11,521","16,786","23,290","9,352","13,938","5,017","2,169","2,848","53,941","28,378","25,562","43,163","22,733","20,429","10,778","5,645","5,133",52.48%,40.60%,65.67%,53.96%,41.14%,68.23%,46.55%,38.42%,55.48%,349,310,383,295,252,335,336,316,346,1,1,2,1,1,1,5,5,5,39.01,54.35,22.5,37.51,52.86,20.85,44.84,60.22,28.78,"28,307",266
Mirpur Mathelo ,Ghotki,,Sindh,"63,323","26,825","36,496","56,314","23,843","32,469","7,009","2,982","4,027","114,405","60,549","53,854","92,594","48,984","43,608","21,811","11,565","10,246",55.35%,44.30%,67.77%,60.82%,48.68%,74.46%,32.14%,25.78%,39.30%,370,345,411,351,315,406,255,214,271,3,3,3,3,3,3,1,1,1,42.66,56.55,27.7,37.61,51.23,22.97,59.63,74.41,43.65,"63,323",458
Ubauro ,Ghotki,,Sindh,"73,763","30,995","42,764","67,964","28,473","39,487","5,799","2,522","3,277","125,770","66,750","59,016","109,454","58,275","51,175","16,316","8,475","7,841",58.65%,46.43%,72.46%,62.09%,48.86%,77.16%,35.54%,29.76%,41.79%,400,365,449,365,319,436,275,259,291,5,4,5,4,4,4,3,3,3,38.39,52.41,23.17,34.98,49.49,19.17,58.4,69.75,46.34,"73,763",490
Hyderabad City ,Hyderabad,,Sindh,"54,176","28,792","25,381",0,0,0,"54,176","28,792","25,381","197,050","103,102","93,943",0,0,0,"197,050","103,102","93,943",27.49%,27.93%,27.02%,0.00%,0.00%,0.00%,27.49%,27.93%,27.02%,149,199,119,1,1,1,214,237,181,2,2,1,1,1,1,2,2,1,73.74,75.48,71.77,-,-,-,73.74,75.48,71.77,"54,176",425
Hyderabad ,Hyderabad,,Sindh,"72,017","36,504","35,507","63,443","32,149","31,290","8,574","4,355","4,217","151,940","81,931","70,002","124,535","67,333","57,198","27,405","14,598","12,804",47.40%,44.55%,50.72%,50.94%,47.75%,54.70%,31.29%,29.83%,32.94%,302,347,269,264,309,233,246,262,229,4,4,4,4,4,4,3,3,3,42.57,49.91,34.37,37.1,44.56,28.81,63.25,70,55.61,"72,017",484
Latifabad ,Hyderabad,,Sindh,"51,334","26,419","24,912",0,0,0,"51,334","26,419","24,912","188,372","99,815","88,553",0,0,0,"188,372","99,815","88,553",27.25%,26.47%,28.13%,0.00%,0.00%,0.00%,27.25%,26.47%,28.13%,145,185,125,1,1,1,210,221,190,1,1,2,1,1,1,1,1,2,74.04,76.85,70.9,-,-,-,74.04,76.85,70.9,"51,334",412
Qasimabad ,Hyderabad,,Sindh,"33,925","18,995","14,928",0,0,0,"33,925","18,995","14,928","97,665","54,540","43,123",0,0,0,"97,665","54,540","43,123",34.74%,34.83%,34.62%,0.00%,0.00%,0.00%,34.74%,34.83%,34.62%,204,250,174,1,1,1,272,304,240,3,3,3,1,1,1,4,4,4,71.32,75.78,65.97,-,-,-,71.32,75.78,65.97,"33,925",309
Garhi Khairo ,Jacobabad,,Sindh,"43,980","19,449","24,526","41,937","18,457","23,479","2,043",992,"1,047","72,134","36,599","35,530","65,176","33,077","32,098","6,958","3,522","3,432",60.97%,53.14%,69.03%,64.34%,55.80%,73.15%,29.36%,28.17%,30.51%,423,430,419,391,386,387,224,242,211,2,2,2,1,1,1,1,1,1,45.58,54.72,36.46,41.49,50.87,32.15,79.96,87.08,72.83,"43,980",381
Jacobabad ,Jacobabad,,Sindh,"88,290","39,087","49,199","62,637","28,370","34,266","25,653","10,717","14,933","154,180","77,857","76,317","85,216","43,782","41,433","68,964","34,075","34,884",57.26%,50.20%,64.47%,73.50%,64.80%,82.70%,37.20%,31.45%,42.81%,390,398,372,489,479,489,288,276,299,1,1,1,3,3,3,2,2,2,45.47,55.69,35.05,28.1,37.26,18.75,62.1,73.32,50.66,"88,290",523
Thul ,Jacobabad,,Sindh,"124,903","57,289","67,611","104,030","47,893","56,135","20,873","9,396","11,476","188,476","97,949","90,524","145,661","75,967","69,692","42,815","21,982","20,832",66.27%,58.49%,74.69%,71.42%,63.04%,80.55%,48.75%,42.74%,55.09%,474,468,469,467,460,468,341,341,345,3,3,3,2,2,2,3,3,3,38.53,47.44,29.18,32.15,40.6,23.22,59.82,70.71,48.73,"124,903",564
Kotri ,Jamshoro,,Sindh,"56,348","28,795","27,551","17,756","8,943","8,813","38,592","19,852","18,738","139,908","71,088","68,817","32,711","17,007","15,704","107,197","54,081","53,113",40.28%,40.51%,40.04%,54.28%,52.58%,56.12%,36.00%,36.71%,35.28%,243,309,205,298,350,246,279,311,246,1,1,1,1,1,1,3,4,3,57.5,64.55,49.81,43.12,50.86,34.25,61.61,68.57,54.12,"56,348",433
Manjhand ,Jamshoro,,Sindh,"30,813","15,420","15,393","28,704","14,319","14,385","2,109","1,101","1,008","52,871","27,877","24,994","46,589","24,691","21,898","6,282","3,186","3,096",58.28%,55.31%,61.59%,61.61%,57.99%,65.69%,33.57%,34.56%,32.56%,395,449,358,359,407,316,264,302,225,3,3,3,3,3,3,2,2,2,35.19,42.47,27.23,31.59,38.79,23.65,57.21,65.72,48.41,"30,813",285
Sehwan Sharif,Jamshoro,,Sindh,"51,349","25,291","26,055","37,836","18,385","19,450","13,513","6,906","6,605","103,240","53,847","49,389","66,151","34,808","31,341","37,089","19,039","18,048",49.74%,46.97%,52.75%,57.20%,52.82%,62.06%,36.43%,36.27%,36.60%,326,369,288,319,354,285,282,309,258,2,2,2,2,2,2,4,3,4,41.91,50.93,32.25,32.37,42.07,21.98,57.34,65.28,48.87,"51,349",413
Thano Bula Khan ,Jamshoro,,Sindh,"30,913","15,515","15,397","30,292","15,166","15,125",621,349,272,"48,353","25,019","23,333","44,042","22,749","21,292","4,311","2,270","2,041",63.93%,62.01%,65.99%,68.78%,66.67%,71.04%,14.41%,15.37%,13.33%,456,500,386,443,487,368,36,44,35,4,4,4,4,4,4,1,1,1,55.19,60.37,49.6,50.81,55.99,45.21,87.24,92.57,81.56,"30,913",287
Qambar Ali Khan ,Kambar Shahdad Kot,,Sindh,"84,428","40,966","43,460","67,951","32,824","35,125","16,477","8,142","8,335","150,904","81,056","69,845","114,198","61,646","52,550","36,706","19,410","17,295",55.95%,50.54%,62.22%,59.50%,53.25%,66.84%,44.89%,41.95%,48.19%,376,401,361,338,356,325,330,336,322,4,4,4,4,3,4,5,5,5,39.36,48.17,29.68,35.79,44.53,26.13,49.62,58.75,39.77,"84,428",517
Meero Khan ,Kambar Shahdad Kot,,Sindh,"36,729","17,879","18,850","30,053","14,654","15,399","6,676","3,225","3,451","62,729","33,973","28,756","46,883","25,469","21,414","15,846","8,504","7,342",58.55%,52.63%,65.55%,64.10%,57.54%,71.91%,42.13%,37.92%,47.00%,399,425,380,388,401,382,316,314,317,6,6,6,5,5,6,3,3,4,33.41,43.63,22.39,29.13,38.75,18.71,45.38,57.42,32.58,"36,729",334
Nasir Abad ,Kambar Shahdad Kot,,Sindh,"27,467","13,085","14,381","22,500","10,577","11,922","4,967","2,508","2,459","56,046","29,625","26,420","44,484","23,480","21,003","11,562","6,145","5,417",49.01%,44.17%,54.43%,50.58%,45.05%,56.76%,42.96%,40.81%,45.39%,318,342,301,261,288,251,321,332,310,1,1,1,1,1,1,4,4,3,41.81,51.06,31.71,38.62,47.95,28.45,52.91,61.85,43.09,"27,467",255
Qubo Saeed Khan ,Kambar Shahdad Kot,,Sindh,"21,844","10,469","11,374","16,452","7,876","8,576","5,392","2,593","2,798","34,050","18,141","15,907","23,596","12,608","10,988","10,454","5,533","4,919",64.15%,57.71%,71.50%,69.72%,62.47%,78.05%,51.58%,46.86%,56.88%,460,461,444,452,455,449,353,350,355,7,7,7,7,7,7,7,6,7,26.46,36.19,16.13,21.38,30.5,11.72,37.22,48.19,25.51,"21,844",214
Shahdad Kot ,Kambar Shahdad Kot,,Sindh,"37,147","18,233","18,912","23,159","11,518","11,639","13,988","6,715","7,273","72,087","38,105","33,979","35,362","18,865","16,495","36,725","19,240","17,484",51.53%,47.85%,55.66%,65.49%,61.05%,70.56%,38.09%,34.90%,41.60%,346,376,309,406,436,363,294,305,290,2,2,2,6,6,5,2,2,2,47.06,54.88,38.65,32.58,39.67,24.9,58.83,67.28,49.76,"37,147",337
Sijawal Junejo ,Kambar Shahdad Kot,,Sindh,"25,352","11,945","13,405","25,352","11,945","13,405",0,0,0,"45,513","24,229","21,282","45,513","24,229","21,282",0,0,0,55.70%,49.30%,62.99%,55.70%,49.30%,62.99%,0.00%,0.00%,0.00%,374,390,366,310,324,290,1,1,1,3,3,5,2,2,2,1,1,1,37.66,47.14,27.44,37.66,47.14,27.44,-,-,-,"25,352",242
Warah ,Kambar Shahdad Kot,,Sindh,"47,589","23,278","24,310","35,550","17,327","18,222","12,039","5,951","6,088","84,674","45,051","39,622","60,774","32,526","28,247","23,900","12,525","11,375",56.20%,51.67%,61.35%,58.50%,53.27%,64.51%,50.37%,47.51%,53.52%,377,412,355,327,357,305,349,354,339,5,5,3,3,4,3,6,7,6,44.25,52.67,35.2,43.01,51.89,33.43,47.2,54.54,39.37,"47,589",401
Gulberg Town,Karachi Central,,Sindh,"26,410","14,699","11,704",0,0,0,"26,410","14,699","11,704","137,136","72,353","64,774",0,0,0,"137,136","72,353","64,774",19.26%,20.32%,18.07%,0.00%,0.00%,0.00%,19.26%,20.32%,18.07%,57,88,47,1,1,1,99,126,91,1,1,1,1,1,1,1,1,1,89.92,89.41,90.51,-,-,-,89.92,89.41,90.51,"26,410",250
Liaqatabad Town ,Karachi Central,,Sindh,"30,842","17,499","13,342",0,0,0,"30,842","17,499","13,342","139,435","72,981","66,452",0,0,0,"139,435","72,981","66,452",22.12%,23.98%,20.08%,0.00%,0.00%,0.00%,22.12%,23.98%,20.08%,88,147,65,1,1,1,146,191,114,3,3,3,1,1,1,3,3,3,83.69,83.4,84.04,-,-,-,83.69,83.4,84.04,"30,842",286
Nazimabad Town,Karachi Central,,Sindh,"36,036","20,272","15,758",0,0,0,"36,036","20,272","15,758","153,720","83,226","70,486",0,0,0,"153,720","83,226","70,486",23.44%,24.36%,22.36%,0.00%,0.00%,0.00%,23.44%,24.36%,22.36%,108,154,91,1,1,1,164,195,148,4,4,4,1,1,1,4,4,4,84.73,85.68,83.66,-,-,-,84.73,85.68,83.66,"36,036",328
New Karachi Town,Karachi Central,,Sindh,"83,134","46,033","37,090",0,0,0,"83,134","46,033","37,090","319,521","166,915","152,593",0,0,0,"319,521","166,915","152,593",26.02%,27.58%,24.31%,0.00%,0.00%,0.00%,26.02%,27.58%,24.31%,129,195,103,1,1,1,196,233,165,5,5,5,1,1,1,5,5,5,79.82,79.92,79.72,-,-,-,79.82,79.92,79.72,"83,134",513
North Nazimabad Town,Karachi Central,,Sindh,"46,403","25,685","20,709",0,0,0,"46,403","25,685","20,709","233,463","125,810","107,641",0,0,0,"233,463","125,810","107,641",19.88%,20.42%,19.24%,0.00%,0.00%,0.00%,19.88%,20.42%,19.24%,62,90,58,1,1,1,110,128,103,2,2,2,1,1,1,2,2,2,83.01,83.84,82.1,-,-,-,83.01,83.84,82.1,"46,403",395
Ferozabad ,Karachi East,,Sindh,"76,438","45,048","31,371",0,0,0,"76,438","45,048","31,371","312,889","167,240","145,628",0,0,0,"312,889","167,240","145,628",24.43%,26.94%,21.54%,0.00%,0.00%,0.00%,24.43%,26.94%,21.54%,114,189,80,1,1,1,175,227,137,3,3,3,1,1,1,3,3,3,83.02,84.04,81.82,-,-,-,83.02,84.04,81.82,"76,438",494
Gulshan Iqbal Town ,Karachi East,,Sindh,"42,660","23,728","18,927",0,0,0,"42,660","23,728","18,927","234,080","122,746","111,326",0,0,0,"234,080","122,746","111,326",18.22%,19.33%,17.00%,0.00%,0.00%,0.00%,18.22%,19.33%,17.00%,48,72,40,1,1,1,83,108,78,1,1,1,1,1,1,1,1,1,89.18,90.26,88.01,-,-,-,89.18,90.26,88.01,"42,660",371
Gulzar-E-Hijri ,Karachi East,,Sindh,"131,820","77,966","53,849",0,0,0,"131,820","77,966","53,849","328,911","178,170","150,735",0,0,0,"328,911","178,170","150,735",40.08%,43.76%,35.72%,0.00%,0.00%,0.00%,40.08%,43.76%,35.72%,242,338,181,1,1,1,305,344,251,4,4,4,1,1,1,4,4,4,64.74,67.05,62.02,-,-,-,64.74,67.05,62.02,"131,820",566
Jamshaid Town,Karachi East,,Sindh,"35,121","19,635","15,485",0,0,0,"35,121","19,635","15,485","169,982","90,294","79,686",0,0,0,"169,982","90,294","79,686",20.66%,21.75%,19.43%,0.00%,0.00%,0.00%,20.66%,21.75%,19.43%,71,111,59,1,1,1,126,154,105,2,2,2,1,1,1,2,2,2,85.99,86.75,85.13,-,-,-,85.99,86.75,85.13,"35,121",323
Aram Bagh Sub-Division,Karachi South,,Sindh,"13,171","7,092","6,079",0,0,0,"13,171","7,092","6,079","62,901","33,548","29,353",0,0,0,"62,901","33,548","29,353",20.94%,21.14%,20.71%,0.00%,0.00%,0.00%,20.94%,21.14%,20.71%,74,103,70,1,1,1,130,143,127,2,3,1,1,1,1,2,3,1,86.43,86.96,85.8,-,-,-,86.43,86.96,85.8,"13,171",129
Civil Lines Sub-Division,Karachi South,,Sindh,"24,638","12,089","12,545",0,0,0,"24,638","12,089","12,545","107,758","57,654","50,099",0,0,0,"107,758","57,654","50,099",22.86%,20.97%,25.04%,0.00%,0.00%,0.00%,22.86%,20.97%,25.04%,99,101,108,1,1,1,153,141,171,3,2,4,1,1,1,3,2,4,84.75,86.44,82.64,-,-,-,84.75,86.44,82.64,"24,638",238
Garden Sub-Division,Karachi South,,Sindh,"29,937","15,546","14,390",0,0,0,"29,937","15,546","14,390","129,138","67,515","61,622",0,0,0,"129,138","67,515","61,622",23.18%,23.03%,23.35%,0.00%,0.00%,0.00%,23.18%,23.03%,23.35%,104,126,96,1,1,1,160,170,156,4,4,3,1,1,1,4,4,3,84.5,85.33,83.58,-,-,-,84.5,85.33,83.58,"29,937",278
Liyari Town,Karachi South,,Sindh,"79,836","38,653","41,183",0,0,0,"79,836","38,653","41,183","260,325","136,644","123,681",0,0,0,"260,325","136,644","123,681",30.67%,28.29%,33.30%,0.00%,0.00%,0.00%,30.67%,28.29%,33.30%,181,204,159,1,1,1,237,244,231,5,5,5,1,1,1,5,5,5,68.4,71.84,64.61,-,-,-,68.4,71.84,64.61,"79,836",502
Saddar Town,Karachi South,,Sindh,"7,656","3,907","3,749",0,0,0,"7,656","3,907","3,749","38,036","20,023","18,013",0,0,0,"38,036","20,023","18,013",20.13%,19.51%,20.81%,0.00%,0.00%,0.00%,20.13%,19.51%,20.81%,68,75,71,1,1,1,113,112,130,1,1,2,1,1,1,1,1,2,88.56,89.86,87.02,-,-,-,88.56,89.86,87.02,"7,656",78
Site Town,Karachi West,,Sindh,"137,012","70,464","66,543","41,183","21,704","19,475","95,829","48,760","47,068","310,810","163,254","147,548","76,890","40,560","36,326","233,920","122,694","111,222",44.08%,43.16%,45.10%,53.56%,53.51%,53.61%,40.97%,39.74%,42.32%,274,335,236,289,366,226,309,324,296,3,3,2,3,3,3,2,3,2,63.03,65.1,60.67,52.22,56.65,47.1,66.2,67.6,64.61,"137,012",568
Baldia Town,Karachi West,,Sindh,"80,945","40,712","40,232",0,0,0,"80,945","40,712","40,232","268,877","138,986","129,889",0,0,0,"268,877","138,986","129,889",30.10%,29.29%,30.97%,0.00%,0.00%,0.00%,30.10%,29.29%,30.97%,175,209,146,1,1,1,230,257,214,1,1,1,1,1,1,1,1,1,76.07,77.69,74.25,-,-,-,76.07,77.69,74.25,"80,945",504
Orangi  Town,Karachi West,,Sindh,"80,961","39,629","41,332",0,0,0,"80,961","39,629","41,332","188,891","100,094","88,796",0,0,0,"188,891","100,094","88,796",42.86%,39.59%,46.55%,0.00%,0.00%,0.00%,42.86%,39.59%,46.55%,269,293,249,1,1,1,320,321,315,2,2,3,1,1,1,3,2,3,60.76,64.93,55.98,-,-,-,60.76,64.93,55.98,"80,961",505
Kandh Kot ,Kashmore ,,Sindh,"103,870","51,223","52,645","83,027","42,292","40,733","20,843","8,931","11,912","146,864","76,830","70,031","100,725","54,846","45,876","46,139","21,984","24,155",70.73%,66.67%,75.17%,82.43%,77.11%,88.79%,45.17%,40.63%,49.31%,513,531,478,532,531,527,332,331,327,3,3,1,3,3,3,2,1,2,37.91,47.17,28.06,26.56,34.78,17.46,56.64,68.67,44.64,"103,870",549
Kashmore ,Kashmore ,,Sindh,"115,554","52,689","62,864","101,396","46,068","55,327","14,158","6,621","7,537","167,592","84,444","83,147","136,184","68,823","67,360","31,408","15,621","15,787",68.95%,62.40%,75.61%,74.46%,66.94%,82.14%,45.08%,42.39%,47.74%,497,506,485,498,489,482,331,338,321,1,1,2,2,2,2,1,2,1,32.65,41.95,23.22,26.69,35.44,17.82,54.78,65.96,43.36,"115,554",556
Tangwani ,Kashmore ,,Sindh,"84,812","39,516","45,295","77,598","36,007","41,590","7,214","3,509","3,705","120,414","62,488","57,925","107,564","55,869","51,694","12,850","6,619","6,231",70.43%,63.24%,78.20%,72.14%,64.45%,80.45%,56.14%,53.01%,59.46%,510,515,507,476,472,467,365,369,362,2,2,3,1,1,1,3,3,3,36.95,46.94,26.49,36,45.66,25.8,46.56,60.54,33.11,"84,812",519
Baldia ,Keamari,,Sindh,"123,704","61,931","61,765",0,0,0,"123,704","61,931","61,765","278,900","145,579","133,311",0,0,0,"278,900","145,579","133,311",44.35%,42.54%,46.33%,0.00%,0.00%,0.00%,44.35%,42.54%,46.33%,277,329,246,1,1,1,327,339,314,4,4,4,1,1,1,4,4,4,64.25,68.41,59.58,-,-,-,64.25,68.41,59.58,"123,704",562
Keamari ,Keamari,,Sindh,"54,643","26,991","27,647",0,0,0,"54,643","26,991","27,647","133,216","70,016","63,194",0,0,0,"133,216","70,016","63,194",41.02%,38.55%,43.75%,0.00%,0.00%,0.00%,41.02%,38.55%,43.75%,247,281,226,1,1,1,310,317,304,2,2,3,1,1,1,2,2,3,55.61,61.25,48.91,-,-,-,55.61,61.25,48.91,"54,643",427
Mauripur ,Keamari,,Sindh,"26,471","13,240","13,231",0,0,0,"26,471","13,240","13,231","64,111","33,523","30,588",0,0,0,"64,111","33,523","30,588",41.29%,39.50%,43.26%,0.00%,0.00%,0.00%,41.29%,39.50%,43.26%,251,291,223,1,1,1,314,320,302,3,3,2,1,1,1,3,3,2,52.76,58.26,46.5,-,-,-,52.76,58.26,46.5,"26,471",251
Site Sub-Division,Keamari,,Sindh,"46,837","23,655","23,182",0,0,0,"46,837","23,655","23,182","127,870","67,753","60,116",0,0,0,"127,870","67,753","60,116",36.63%,34.91%,38.56%,0.00%,0.00%,0.00%,36.63%,34.91%,38.56%,217,251,197,1,1,1,283,306,264,1,1,1,1,1,1,1,1,1,68.48,73.33,62.54,-,-,-,68.48,73.33,62.54,"46,837",397
Faiz Ganj ,Khairpur,,Sindh,"31,348","12,653","18,695","26,890","10,917","15,973","4,458","1,736","2,722","77,374","39,053","38,321","62,346","31,517","30,829","15,028","7,536","7,492",40.51%,32.40%,48.79%,43.13%,34.64%,51.81%,29.66%,23.04%,36.33%,245,234,258,213,203,219,226,171,256,2,2,2,1,1,1,1,1,2,46.43,59.59,32.96,43.83,56.64,30.67,56.2,70.71,41.5,"31,348",292
Gambat ,Khairpur,,Sindh,"41,335","17,843","23,489","29,498","12,632","16,864","11,837","5,211","6,625","91,540","46,695","44,842","59,284","30,455","28,827","32,256","16,240","16,015",45.16%,38.21%,52.38%,49.76%,41.48%,58.50%,36.70%,32.09%,41.37%,284,276,285,255,255,266,284,282,286,5,5,5,6,6,6,5,5,3,52.89,64.35,41.13,45.9,58.43,33,64.1,73.9,54.11,"41,335",368
Khairpur ,Khairpur,,Sindh,"52,882","21,921","30,958","31,604","13,071","18,531","21,278","8,850","12,427","142,344","70,762","71,579","70,811","35,595","35,214","71,533","35,167","36,365",37.15%,30.98%,43.25%,44.63%,36.72%,52.62%,29.75%,25.17%,34.17%,220,221,222,218,217,223,228,204,237,1,1,1,2,3,3,2,2,1,59.37,70.27,48.31,47.99,60.29,35.52,68.57,78.35,58.65,"52,882",421
Kingri ,Khairpur,,Sindh,"58,741","25,403","33,333","43,598","18,392","25,201","15,143","7,011","8,132","122,030","61,661","60,363","86,642","43,641","42,995","35,388","18,020","17,368",48.14%,41.20%,55.22%,50.32%,42.14%,58.61%,42.79%,38.91%,46.82%,308,315,305,258,263,268,318,318,316,7,7,7,7,7,7,6,6,6,49.04,60.82,36.87,42.7,55.55,29.63,64.01,72.97,54.43,"58,741",444
Kot Diji ,Khairpur,,Sindh,"58,423","26,039","32,382","44,594","19,848","24,745","13,829","6,191","7,637","125,424","65,204","60,218","95,538","49,905","45,632","29,886","15,299","14,586",46.58%,39.93%,53.77%,46.68%,39.77%,54.23%,46.27%,40.47%,52.36%,293,297,295,232,241,228,335,330,336,6,6,6,5,5,4,7,7,7,45.29,56.85,33.3,44.59,57.05,31.62,47.45,56.21,38.44,"58,423",443
Thari Meer Wah,Khairpur,,Sindh,"52,104","22,047","30,054","40,830","17,338","23,489","11,274","4,709","6,565","121,907","61,972","59,930","90,860","46,177","44,678","31,047","15,795","15,252",42.74%,35.58%,50.15%,44.94%,37.55%,52.57%,36.31%,29.81%,43.04%,267,256,267,221,222,222,281,260,300,4,4,3,3,4,2,4,4,5,51.22,63.6,38.34,47.78,60.47,34.54,60.34,71.99,48.37,"52,104",416
Nara ,Khairpur,,Sindh,"34,529","15,770","18,759","27,913","12,888","15,025","6,616","2,882","3,734","59,075","30,875","28,200","45,630","24,012","21,618","13,445","6,863","6,582",58.45%,51.08%,66.52%,61.17%,53.67%,69.50%,49.21%,41.99%,56.73%,398,404,395,356,367,346,345,337,353,8,8,8,8,8,8,8,8,8,34.47,43.64,24.64,32.44,40.81,23.41,40.79,52.53,28.43,"34,529",316
Sobho Dero ,Khairpur,,Sindh,"38,004","15,149","22,853","27,332","10,679","16,653","10,672","4,470","6,200","89,217","45,091","44,124","59,232","29,776","29,456","29,985","15,315","14,668",42.60%,33.60%,51.79%,46.14%,35.86%,56.54%,35.59%,29.19%,42.27%,265,240,281,230,211,248,276,256,295,3,3,4,4,2,5,3,3,4,49.88,62.84,36.71,46.96,60.42,33.36,55.29,67.29,42.97,"38,004",343
Korangi Town,Korangi,,Sindh,"176,081","91,842","84,205",0,0,0,"176,081","91,842","84,205","444,516","231,539","212,937",0,0,0,"444,516","231,539","212,937",39.61%,39.67%,39.54%,0.00%,0.00%,0.00%,39.61%,39.67%,39.54%,236,294,202,1,1,1,300,322,272,4,4,4,1,1,1,4,4,4,70.93,72.62,69.01,-,-,-,70.93,72.62,69.01,"176,081",578
Landhi Town,Korangi,,Sindh,"55,002","28,980","26,014",0,0,0,"55,002","28,980","26,014","185,109","96,918","88,183",0,0,0,"185,109","96,918","88,183",29.71%,29.90%,29.50%,0.00%,0.00%,0.00%,29.71%,29.90%,29.50%,171,214,133,1,1,1,227,263,203,3,3,3,1,1,1,3,3,3,84.6,85.68,83.41,-,-,-,84.6,85.68,83.41,"55,002",430
Model Colony ,Korangi,,Sindh,"21,656","11,571","10,084",0,0,0,"21,656","11,571","10,084","108,783","57,356","51,422",0,0,0,"108,783","57,356","51,422",19.91%,20.17%,19.61%,0.00%,0.00%,0.00%,19.91%,20.17%,19.61%,63,85,61,1,1,1,111,122,108,1,1,1,1,1,1,1,1,1,86.85,88.07,85.49,-,-,-,86.85,88.07,85.49,"21,656",212
Shah Faisal Town,Korangi,,Sindh,"38,462","20,727","17,727",0,0,0,"38,462","20,727","17,727","166,295","88,727","77,556",0,0,0,"166,295","88,727","77,556",23.13%,23.36%,22.86%,0.00%,0.00%,0.00%,23.13%,23.36%,22.86%,103,133,93,1,1,1,159,176,152,2,2,2,1,1,1,2,2,2,89.6,91.09,87.97,-,-,-,89.6,91.09,87.97,"38,462",346
Baqrani ,Larkana,,Sindh,"45,155","21,078","24,076","39,919","18,734","21,184","5,236","2,344","2,892","90,979","48,847","42,131","78,018","41,966","36,051","12,961","6,881","6,080",49.63%,43.15%,57.15%,51.17%,44.64%,58.76%,40.40%,34.06%,47.57%,325,333,319,267,284,272,306,296,319,4,4,4,3,3,3,4,4,4,46.38,56.72,35.15,46.29,56.37,35.31,46.91,58.71,34.24,"45,155",385
Dokri ,Larkana,,Sindh,"38,391","17,903","20,488","30,261","14,154","16,107","8,130","3,749","4,381","82,991","43,569","39,422","61,445","32,409","29,036","21,546","11,160","10,386",46.26%,41.09%,51.97%,49.25%,43.67%,55.47%,37.73%,33.59%,42.18%,291,311,283,252,277,241,292,291,294,3,3,3,2,2,1,3,3,3,49.19,58.92,38.87,44.38,54.19,33.97,60.96,70.52,50.85,"38,391",345
Larkana ,Larkana,,Sindh,"117,118","55,741","61,371","61,167","29,211","31,954","55,951","26,530","29,417","270,695","145,054","125,635","106,856","57,268","49,586","163,839","87,786","76,049",43.27%,38.43%,48.85%,57.24%,51.01%,64.44%,34.15%,30.22%,38.68%,270,278,259,320,334,303,266,267,266,2,2,1,4,4,4,2,2,2,58.76,67.93,48.62,44.08,54.45,32.62,66.8,75.3,57.39,"117,118",557
Rato Dero ,Larkana,,Sindh,"52,289","23,450","28,839","39,466","17,828","21,638","12,823","5,622","7,201","122,422","64,312","58,109","80,360","42,349","38,010","42,062","21,963","20,099",42.71%,36.46%,49.63%,49.11%,42.10%,56.93%,30.49%,25.60%,35.83%,266,261,266,251,262,252,233,209,253,1,1,2,1,1,2,1,1,1,58.93,69.6,47.52,53.9,64.74,42.25,67.67,78.11,56.61,"52,289",418
Airport Sub-Division,Malir,,Sindh,"16,921","8,610","8,311",0,0,0,"16,921","8,610","8,311","65,972","33,744","32,228",0,0,0,"65,972","33,744","32,228",25.65%,25.52%,25.79%,0.00%,0.00%,0.00%,25.65%,25.52%,25.79%,124,174,113,1,1,1,189,208,175,1,1,1,1,1,1,4,4,4,80.94,83.79,77.91,-,-,-,80.94,83.79,77.91,"16,921",171
Bin Qasim Town,Malir,,Sindh,"40,895","20,686","20,208","40,895","20,686","20,208",0,0,0,"91,640","47,934","43,705","91,640","47,934","43,705",0,0,0,44.63%,43.16%,46.24%,44.63%,43.16%,46.24%,0.00%,0.00%,0.00%,280,334,243,217,271,190,1,1,1,4,4,4,4,4,4,1,1,1,62.19,68.22,55.1,62.19,68.22,55.1,-,-,-,"40,895",363
Gadap Town,Malir,,Sindh,"10,911","5,445","5,465","10,911","5,445","5,465",0,0,0,"27,326","14,266","13,059","27,326","14,266","13,059",0,0,0,39.93%,38.17%,41.85%,39.93%,38.17%,41.85%,0.00%,0.00%,0.00%,241,275,217,196,230,166,1,1,1,3,3,3,3,3,3,1,1,1,58.94,64.89,52.43,58.94,64.89,52.43,-,-,-,"10,911",108
Ibrahim Hydri ,Malir,,Sindh,"182,139","92,800","89,328","101,273","52,737","48,534","80,866","40,063","40,794","401,431","208,428","192,987","197,402","102,944","94,453","204,029","105,484","98,534",45.37%,44.52%,46.29%,51.30%,51.23%,51.38%,39.63%,37.98%,41.40%,287,346,245,269,337,217,301,315,287,5,5,5,5,5,5,6,6,6,57.91,62.6,52.33,52.06,55.75,47.71,63.5,69.14,56.78,"182,139",579
Murad Memon ,Malir,,Sindh,"34,552","17,384","17,167","16,639","8,330","8,309","17,913","9,054","8,858","100,172","51,245","48,925","42,145","21,942","20,203","58,027","29,303","28,722",34.49%,33.92%,35.09%,39.48%,37.96%,41.13%,30.87%,30.90%,30.84%,202,244,176,189,227,161,241,272,213,2,2,2,2,2,2,5,5,5,71.88,76.4,66.94,63.03,69.73,55.6,77.55,80.71,74.12,"34,552",317
Shah Mureed ,Malir,,Sindh,"6,155","3,224","2,931","6,155","3,224","2,931",0,0,0,"10,782","5,750","5,032","10,782","5,750","5,032",0,0,0,57.09%,56.07%,58.25%,57.09%,56.07%,58.25%,0.00%,0.00%,0.00%,387,453,329,316,391,264,1,1,1,6,6,6,6,6,6,1,1,1,49.7,56.51,41.91,49.7,56.51,41.91,-,-,-,"6,155",51
Hala ,Matiari,,Sindh,"36,154","15,805","20,347","23,884","10,885","12,999","12,270","4,920","7,348","82,829","41,675","41,152","46,516","23,547","22,969","36,313","18,128","18,183",43.65%,37.92%,49.44%,51.35%,46.23%,56.59%,33.79%,27.14%,40.41%,271,272,264,271,299,250,265,229,278,1,1,1,2,2,2,2,2,2,52.58,62.53,42.47,44.92,56.03,33.58,61.34,69.99,52.59,"36,154",330
Matiari ,Matiari,,Sindh,"67,801","32,274","35,526","62,290","29,758","32,531","5,511","2,516","2,995","120,574","62,121","58,452","105,323","54,193","51,129","15,251","7,928","7,323",56.23%,51.95%,60.78%,59.14%,54.91%,63.63%,36.14%,31.74%,40.90%,378,419,350,334,378,298,280,279,285,3,3,3,3,3,3,3,3,3,39.64,49.95,28.89,36.56,46.81,25.9,59.8,70.23,48.7,"67,801",473
Saeedabad ,Matiari,,Sindh,"25,735","11,345","14,388","24,063","10,677","13,384","1,672",668,"1,004","55,955","28,040","27,913","49,283","24,778","24,503","6,672","3,262","3,410",45.99%,40.46%,51.55%,48.83%,43.09%,54.62%,25.06%,20.48%,29.44%,289,308,279,247,270,232,183,130,202,2,2,2,1,1,1,1,1,1,48.11,59.83,36.14,44.7,56.7,32.46,70.3,80.22,60.16,"25,735",246
Digri ,Mirpur Khas,,Sindh,"36,068","15,817","20,251","28,091","12,162","15,929","7,977","3,655","4,322","72,144","38,443","33,701","48,116","25,537","22,579","24,028","12,906","11,122",49.99%,41.14%,60.09%,58.38%,47.63%,70.55%,33.20%,28.32%,38.86%,328,313,343,326,307,362,263,245,267,2,2,2,4,4,4,5,5,5,46.1,56.34,34.97,37,48.47,24.63,61.77,69.77,52.98,"36,068",329
Hussain Bux Muree,Mirpur Khas,,Sindh,"33,051","14,727","18,324","33,051","14,727","18,324",0,0,0,"55,516","29,549","25,967","55,516","29,549","25,967",0,0,0,59.53%,49.84%,70.57%,59.53%,49.84%,70.57%,0.00%,0.00%,0.00%,408,394,438,339,328,364,1,1,1,6,6,6,5,5,5,1,1,1,33.26,44.9,20.48,33.26,44.9,20.48,-,-,-,"33,051",303
Jhudo ,Mirpur Khas,,Sindh,"41,011","19,281","21,729","34,942","16,421","18,520","6,069","2,860","3,209","73,549","40,536","33,012","53,879","29,809","24,069","19,670","10,727","8,943",55.76%,47.57%,65.82%,64.85%,55.09%,76.95%,30.85%,26.66%,35.88%,375,374,385,400,380,434,240,224,254,5,5,4,7,7,7,4,4,4,38.59,48.85,27.14,27.43,38.56,15.05,63.44,71.74,54.16,"41,011",365
Kot Ghulam Muhammad ,Mirpur Khas,,Sindh,"57,595","25,177","32,418","55,546","24,295","31,251","2,049",882,"1,167","103,624","55,313","48,310","95,493","51,086","44,406","8,131","4,227","3,904",55.58%,45.52%,67.10%,58.17%,47.56%,70.38%,25.20%,20.87%,29.89%,372,353,402,325,306,358,186,139,206,4,4,5,3,3,3,3,3,3,41.19,51.98,29.43,38.27,49.42,26.1,65.46,73.39,56.93,"57,595",439
Mirpur Khas ,Mirpur Khas,,Sindh,"15,092","7,321","7,770","1,899",886,"1,013","13,193","6,435","6,757","76,801","40,283","36,516","6,046","3,145","2,901","70,755","37,138","33,615",19.65%,18.17%,21.28%,31.41%,28.17%,34.92%,18.65%,17.33%,20.10%,61,57,76,142,165,127,88,70,115,1,1,1,1,1,1,2,2,2,74.63,79.62,69.16,60.52,69.08,51.05,75.67,80.39,70.48,"15,092",150
Shuja Abad ,Mirpur Khas,,Sindh,"29,500","12,948","16,552","27,184","11,850","15,334","2,316","1,098","1,218","55,962","29,497","26,465","49,469","26,081","23,388","6,493","3,416","3,077",52.71%,43.90%,62.54%,54.95%,45.44%,65.56%,35.67%,32.14%,39.58%,352,340,365,305,294,314,278,283,273,3,3,3,2,2,2,6,6,6,39.46,50.35,27.57,35.59,46.8,23.37,64.69,73.25,55.19,"29,500",275
Sindhri ,Mirpur Khas,,Sindh,"54,830","25,227","29,600","51,097","23,459","27,635","3,733","1,768","1,965","86,479","46,869","39,606","79,695","43,142","36,549","6,784","3,727","3,057",63.40%,53.82%,74.74%,64.12%,54.38%,75.61%,55.03%,47.44%,64.28%,449,439,470,389,374,418,362,353,368,7,7,7,6,6,6,7,7,7,31.99,42.8,20.07,32.32,43.07,20.46,28.12,39.62,15.45,"54,830",429
Bhiria ,Naushahro Feroze,,Sindh,"42,434","19,998","22,434","37,664","17,843","19,819","4,770","2,155","2,615","100,142","50,721","49,418","79,167","40,239","38,925","20,975","10,482","10,493",42.37%,39.43%,45.40%,47.58%,44.34%,50.92%,22.74%,20.56%,24.92%,263,290,241,241,282,212,150,131,170,5,5,5,4,4,4,1,1,1,58.14,68.31,47.61,54.88,65.64,43.69,69,77.3,60.53,"42,434",370
Kandiaro ,Naushahro Feroze,,Sindh,"43,216","19,575","23,639","40,151","18,206","21,943","3,065","1,369","1,696","111,807","56,579","55,225","98,895","50,300","48,592","12,912","6,279","6,633",38.65%,34.60%,42.80%,40.60%,36.19%,45.16%,23.74%,21.80%,25.57%,228,249,221,200,214,185,168,156,174,3,2,3,2,2,2,3,3,3,64.04,74.34,53.42,63.14,73.6,52.31,69.94,79.26,60.62,"43,216",375
Mehrab Pur ,Naushahro Feroze,,Sindh,"28,791","12,734","16,057","23,275","10,188","13,087","5,516","2,546","2,970","84,223","42,466","41,757","60,507","30,548","29,959","23,716","11,918","11,798",34.18%,29.99%,38.45%,38.47%,33.35%,43.68%,23.26%,21.36%,25.17%,200,215,196,182,196,174,161,147,173,1,1,1,1,1,1,2,2,2,60.92,71.4,50.16,55.87,68.17,43.27,71.53,78.16,64.69,"28,791",269
Moro ,Naushahro Feroze,,Sindh,"48,179","22,707","25,471","36,456","17,256","19,199","11,723","5,451","6,272","125,418","63,877","61,539","81,402","41,737","39,664","44,016","22,140","21,875",38.41%,35.55%,41.39%,44.79%,41.34%,48.40%,26.63%,24.62%,28.67%,224,255,214,220,253,203,203,199,195,2,3,2,3,3,3,5,5,4,53.87,64.42,42.89,47.91,59.48,35.82,64.45,73.23,55.38,"48,179",403
Naushahro Feroze ,Naushahro Feroze,,Sindh,"52,043","24,482","27,559","38,818","18,632","20,185","13,225","5,850","7,374","124,569","63,294","61,272","74,857","38,199","36,657","49,712","25,095","24,615",41.78%,38.68%,44.98%,51.86%,48.78%,55.06%,26.60%,23.31%,29.96%,255,282,234,277,316,236,202,174,207,4,4,4,5,5,5,4,4,5,51.24,61.85,40.23,42.42,53.12,31.29,63.45,74,52.57,"52,043",415
Jam Nawaz Ali ,Sanghar,,Sindh,"35,270","15,165","20,101","31,782","13,736","18,043","3,488","1,429","2,058","56,353","28,613","27,736","48,207","24,491","23,713","8,146","4,122","4,023",62.59%,53.00%,72.47%,65.93%,56.09%,76.09%,42.82%,34.67%,51.16%,440,429,451,414,392,425,319,303,333,6,4,6,5,3,6,6,6,6,31.67,43.05,20.06,29.49,40.6,18.13,42.7,55.51,29.75,"35,270",324
Khipro ,Sanghar,,Sindh,"73,502","32,668","40,834","66,735","29,793","36,942","6,767","2,875","3,892","120,007","61,422","58,585","102,008","52,308","49,700","17,999","9,114","8,885",61.25%,53.19%,69.70%,65.42%,56.96%,74.33%,37.60%,31.54%,43.80%,427,431,428,403,400,403,291,278,305,5,5,5,4,4,4,5,4,5,37.04,46.19,27.4,32.81,42.17,22.95,57.46,65.66,48.87,"73,502",488
Sanghar ,Sanghar,,Sindh,"94,690","43,060","51,630","86,699","39,577","47,122","7,991","3,483","4,508","157,376","80,747","76,629","130,302","67,173","63,129","27,074","13,574","13,500",60.17%,53.33%,67.38%,66.54%,58.92%,74.64%,29.52%,25.66%,33.39%,414,432,406,422,421,408,225,211,234,4,6,4,6,6,5,1,1,1,40,48.95,30.63,32.52,41.73,22.8,67.64,76.27,58.94,"94,690",537
Shahdadpur ,Sanghar,,Sindh,"82,173","36,621","45,549","59,577","26,391","33,185","22,596","10,230","12,364","165,877","84,181","81,693","101,501","51,967","49,533","64,376","32,214","32,160",49.54%,43.50%,55.76%,58.70%,50.78%,67.00%,35.10%,31.76%,38.45%,323,337,310,330,333,327,273,280,263,1,1,1,1,1,1,4,5,4,50.69,61.16,39.93,38.8,51.6,25.61,66.29,73.75,58.65,"82,173",510
Sinjhoro ,Sanghar,,Sindh,"66,959","29,410","37,544","60,762","26,704","34,053","6,197","2,706","3,491","114,063","57,514","56,544","95,947","48,563","47,379","18,116","8,951","9,165",58.70%,51.14%,66.40%,63.33%,54.99%,71.87%,34.21%,30.23%,38.09%,402,405,392,380,379,381,268,268,262,3,3,3,2,2,2,3,3,3,42.02,52.14,31.53,37.73,48.04,26.98,62.1,71.6,52.51,"66,959",471
Tando Adam ,Sanghar,,Sindh,"66,101","29,835","36,261","50,203","22,430","27,769","15,898","7,405","8,492","126,168","63,513","62,650","77,453","38,895","38,554","48,715","24,618","24,096",52.39%,46.97%,57.88%,64.82%,57.67%,72.03%,32.63%,30.08%,35.24%,348,370,326,399,404,383,259,264,245,2,2,2,3,5,3,2,2,2,50.81,58.55,42.78,35.75,45.55,25.65,69.14,74.24,63.82,"66,101",468
Daur ,Shaheed Benazirabad,,Sindh,"83,166","33,561","49,605","72,239","28,632","43,607","10,927","4,929","5,998","169,291","85,635","83,656","135,121","68,385","66,736","34,170","17,250","16,920",49.13%,39.19%,59.30%,53.46%,41.87%,65.34%,31.98%,28.57%,35.45%,319,288,336,287,261,312,252,250,249,3,3,3,3,3,4,4,2,4,41.36,54.06,28.27,38.22,51.22,24.8,53.1,64.68,41.22,"83,166",514
Daulat Pur,Shaheed Benazirabad,,Sindh,"64,178","27,613","36,563","59,458","25,445","34,011","4,720","2,168","2,552","126,280","64,734","61,544","110,715","56,966","53,747","15,565","7,768","7,797",50.82%,42.66%,59.41%,53.70%,44.67%,63.28%,30.32%,27.91%,32.73%,334,330,338,291,285,294,231,236,227,4,4,4,4,4,3,1,1,2,47.11,57.32,36.42,45.17,55.3,34.51,59.37,70.31,48.29,"64,178",461
Nawabshah ,Shaheed Benazirabad,,Sindh,"51,825","24,595","27,228","18,496","7,728","10,767","33,329","16,867","16,461","142,724","72,383","70,339","38,129","19,452","18,676","104,595","52,931","51,663",36.31%,33.98%,38.71%,48.51%,39.73%,57.65%,31.86%,31.87%,31.86%,215,245,198,246,239,259,249,281,220,1,1,1,2,2,2,2,4,1,62.44,70.06,54.61,41.67,55.26,27.55,68.91,74.71,62.97,"51,825",414
Sakrand ,Shaheed Benazirabad,,Sindh,"60,047","25,383","34,663","53,287","22,144","31,142","6,760","3,239","3,521","135,129","68,894","66,234","113,929","58,174","55,754","21,200","10,720","10,480",44.44%,36.84%,52.33%,46.77%,38.07%,55.86%,31.89%,30.21%,33.60%,279,265,284,235,228,243,251,266,235,2,2,2,1,1,1,3,3,3,52.84,62.96,42.3,49.9,60.74,38.64,66.57,73.34,59.47,"60,047",448
Garhi Yasin ,Shikarpur,,Sindh,"68,010","30,576","37,430","65,251","29,562","35,685","2,759","1,014","1,745","112,231","55,611","56,616","101,597","50,522","51,071","10,634","5,089","5,545",60.60%,54.98%,66.11%,64.23%,58.51%,69.87%,25.95%,19.93%,31.47%,419,444,388,390,414,349,194,118,216,2,2,3,1,1,1,1,1,1,42.76,51.4,34.03,39.14,47.73,30.42,68.25,77.79,58.93,"68,010",475
Khanpur-I,Shikarpur,,Sindh,"106,433","56,087","50,345","104,673","55,399","49,273","1,760",688,"1,072","137,680","75,381","62,298","132,534","72,931","59,602","5,146","2,450","2,696",77.30%,74.40%,80.81%,78.98%,75.96%,82.67%,34.20%,28.08%,39.76%,557,562,524,524,526,488,267,240,274,4,4,4,4,4,4,3,3,3,29.41,36.64,21.92,27.21,34.08,20.08,60.75,73.7,47.72,"106,433",550
Lakhi ,Shikarpur,,Sindh,"64,410","29,173","35,234","55,504","25,538","29,963","8,906","3,635","5,271","104,820","51,440","53,375","84,217","41,726","42,486","20,603","9,714","10,889",61.45%,56.71%,66.01%,65.91%,61.20%,70.52%,43.23%,37.42%,48.41%,429,456,387,412,437,360,324,313,323,3,3,2,2,2,2,4,4,4,49.43,60.06,38.69,44.76,55.78,33.52,67.55,77.09,58.28,"64,410",462
Shikarpur ,Shikarpur,,Sindh,"68,148","30,288","37,858","50,070","22,805","27,264","18,078","7,483","10,594","133,011","66,093","66,916","73,905","37,258","36,646","59,106","28,835","30,270",51.23%,45.83%,56.58%,67.75%,61.21%,74.40%,30.59%,25.95%,35.00%,341,359,314,430,438,404,235,216,242,1,1,1,3,3,3,2,2,2,50.99,60.2,41.59,29.77,39.44,19.72,70.85,79.97,61.7,"68,148",476
Jati ,Sujawal,,Sindh,"59,527","30,647","28,880","58,104","30,085","28,019","1,423",562,861,"72,844","40,292","32,551","69,488","38,643","30,844","3,356","1,649","1,707",81.72%,76.06%,88.72%,83.62%,77.85%,90.84%,42.40%,34.08%,50.44%,569,566,566,538,534,537,317,297,329,3,3,3,3,3,3,3,2,4,23.13,28.75,16.77,20.79,26.06,14.78,64.11,78.18,49.71,"59,527",447
Kharo Chan ,Sujawal,,Sindh,"3,518","1,868","1,650","3,518","1,868","1,650",0,0,0,"4,004","2,247","1,757","4,004","2,247","1,757",0,0,0,87.86%,83.13%,93.91%,87.86%,83.13%,93.91%,0.00%,0.00%,0.00%,585,584,585,548,547,547,1,1,1,5,5,5,5,5,5,1,1,1,6.98,8.19,5.56,6.98,8.19,5.56,-,-,-,"3,518",21
Mirpur Bathoro ,Sujawal,,Sindh,"52,255","24,729","27,526","50,058","23,716","26,342","2,197","1,013","1,184","75,586","39,593","35,993","69,829","36,754","33,075","5,757","2,839","2,918",69.13%,62.46%,76.48%,71.69%,64.53%,79.64%,38.16%,35.68%,40.58%,499,507,492,473,474,461,295,308,280,2,2,2,1,1,1,2,3,2,32.01,40.45,22.92,27.35,35.95,18.02,74.21,82.32,65.95,"52,255",417
Shah Bunder ,Sujawal,,Sindh,"44,566","22,242","22,322","41,979","20,919","21,058","2,587","1,323","1,264","54,069","29,130","24,937","49,192","26,512","22,678","4,877","2,618","2,259",82.42%,76.35%,89.51%,85.34%,78.90%,92.86%,53.04%,50.53%,55.95%,571,568,570,542,537,543,359,361,349,4,4,4,4,4,4,5,5,5,15.97,20.59,10.8,11.28,15.52,6.52,50.82,57.91,42.77,"44,566",382
Sujawal ,Sujawal,,Sindh,"47,898","22,744","25,153","42,729","20,234","22,494","5,169","2,510","2,659","70,831","37,175","33,655","59,163","31,279","27,883","11,668","5,896","5,772",67.62%,61.18%,74.74%,72.22%,64.69%,80.67%,44.30%,42.57%,46.07%,484,488,471,478,476,470,326,340,312,1,1,1,2,2,2,4,4,3,35.02,43.1,26.32,26.98,35.12,18.19,67.73,75.67,59.24,"47,898",402
New Sukkur ,Sukkur,,Sindh,"42,303","19,394","22,908","10,630","5,251","5,379","31,673","14,143","17,529","109,313","58,487","50,822","17,619","9,657","7,961","91,694","48,830","42,861",38.70%,33.16%,45.07%,60.33%,54.38%,67.57%,34.54%,28.96%,40.90%,230,238,235,347,373,331,269,254,284,2,2,2,3,3,3,4,4,4,57.96,68.25,46.48,38.07,49.47,25.36,61.26,71.37,49.98,"42,303",369
Pano Aqil ,Sukkur,,Sindh,"70,756","31,810","38,946","64,668","29,142","35,526","6,088","2,668","3,420","145,577","77,372","68,204","118,981","63,411","55,569","26,596","13,961","12,635",48.60%,41.11%,57.10%,54.35%,45.96%,63.93%,22.89%,19.11%,27.07%,314,312,318,299,297,300,154,103,182,3,3,3,2,2,2,1,1,2,58.54,70.74,45.12,53.2,66.12,38.98,78.37,87.85,67.92,"70,756",482
Rohri ,Sukkur,,Sindh,"77,742","39,294","38,445","66,211","33,544","32,664","11,531","5,750","5,781","144,464","81,124","63,337","107,305","60,197","47,105","37,159","20,927","16,232",53.81%,48.44%,60.70%,61.70%,55.72%,69.34%,31.03%,27.48%,35.61%,360,382,349,361,384,343,242,231,250,4,4,4,4,4,4,3,3,3,49.93,60.39,37.75,41.36,52.62,28.3,71.03,79.44,61.18,"77,742",499
Salehpat ,Sukkur,,Sindh,"28,436","13,229","15,206","24,525","11,482","13,042","3,911","1,747","2,164","47,133","25,821","21,311","37,320","20,458","16,861","9,813","5,363","4,450",60.33%,51.23%,71.35%,65.72%,56.12%,77.35%,39.86%,32.58%,48.63%,416,407,442,410,393,438,302,284,324,5,5,5,5,5,5,5,5,5,34.5,46.03,21.56,31.62,43.07,18.65,44.9,57,31.84,"28,436",267
Sukkur ,Sukkur,,Sindh,"18,033","9,174","8,858",0,0,0,"18,033","9,174","8,858","73,114","39,183","33,930",0,0,0,"73,114","39,183","33,930",24.66%,23.41%,26.11%,0.00%,0.00%,0.00%,24.66%,23.41%,26.11%,117,136,115,1,1,1,178,178,176,1,1,1,1,1,1,2,2,1,79.43,83.96,74.39,-,-,-,79.43,83.96,74.39,"18,033",182
Chamber ,Tando Allahyar,,Sindh,"50,580","23,868","26,712","44,026","20,801","23,225","6,554","3,067","3,487","75,447","38,658","36,789","63,255","32,562","30,693","12,192","6,096","6,096",67.04%,61.74%,72.61%,69.60%,63.88%,75.67%,53.76%,50.31%,57.20%,480,493,452,450,467,419,361,359,357,3,3,3,3,3,3,3,3,3,29.96,38.48,21.18,28.31,36.8,19.53,38.06,46.72,29.23,"50,580",409
Jhando Mari ,Tando Allahyar,,Sindh,"50,982","23,660","27,321","47,600","22,050","25,549","3,382","1,610","1,772","83,457","42,864","40,592","76,732","39,410","37,321","6,725","3,454","3,271",61.09%,55.20%,67.31%,62.03%,55.95%,68.46%,50.29%,46.61%,54.17%,425,447,405,363,388,338,348,349,342,2,2,2,1,1,1,2,2,2,36.68,45.42,27.61,36.95,45.76,27.78,33.67,41.47,25.64,"50,982",411
Tando Allahyar ,Tando Allahyar,,Sindh,"68,927","32,339","36,586","42,088","19,427","22,659","26,839","12,912","13,927","128,111","64,479","63,629","62,753","31,998","30,753","65,358","32,481","32,876",53.80%,50.15%,57.50%,67.07%,60.71%,73.68%,41.06%,39.75%,42.36%,359,396,321,426,430,394,312,326,297,1,1,1,2,2,2,1,1,1,46.83,54.14,39.22,30.79,39.65,21.56,59.39,65.52,53.04,"68,927",479
Bulri Shah Karim ,Tando Muhammad Khan,,Sindh,"52,520","25,510","27,009","51,511","25,034","26,476","1,009",476,533,"77,741","41,285","36,455","75,806","40,276","35,529","1,935","1,009",926,67.56%,61.79%,74.09%,67.95%,62.16%,74.52%,52.14%,47.18%,57.56%,483,495,462,431,449,407,356,352,359,3,3,3,3,3,3,2,2,2,27.15,35.4,18.21,26.73,34.97,17.8,42.39,51.28,33,"52,520",420
Tando Ghulam Hyder ,Tando Muhammad Khan,,Sindh,"43,344","20,518","22,826","35,521","16,881","18,640","7,823","3,637","4,186","67,611","36,100","31,511","54,265","28,913","25,352","13,346","7,187","6,159",64.11%,56.84%,72.44%,65.46%,58.39%,73.52%,58.62%,50.61%,67.97%,459,457,448,404,411,390,370,362,369,2,2,2,2,1,2,3,3,3,30.26,39.64,20.13,29.8,38.77,20.13,32.07,43.06,20.13,"43,344",377
Tando Muhammad Khan ,Tando Muhammad Khan,,Sindh,"45,957","22,218","23,739","32,070","15,455","16,615","13,887","6,763","7,124","81,645","43,088","38,556","49,492","26,313","23,178","32,153","16,775","15,378",56.29%,51.56%,61.57%,64.80%,58.74%,71.68%,43.19%,40.32%,46.33%,380,411,357,398,418,376,323,329,313,1,1,1,1,2,1,1,1,1,42.7,50.31,34.45,28.9,36.92,20.18,60.47,67.59,52.77,"45,957",389
Chachro ,Tharparkar,,Sindh,"91,083","43,381","47,699","87,629","41,797","45,829","3,454","1,584","1,870","136,627","73,140","63,484","127,815","68,461","59,351","8,812","4,679","4,133",66.67%,59.31%,75.14%,68.56%,61.05%,77.22%,39.20%,33.85%,45.25%,478,474,477,441,435,437,298,293,308,6,6,5,6,6,6,5,6,5,31.07,41.91,19.63,29.57,40.3,18.27,49.16,61.18,36.28,"91,083",528
Dahli ,Tharparkar,,Sindh,"88,325","44,327","43,998","85,520","42,805","42,715","2,805","1,522","1,283","121,699","66,797","54,902","117,762","64,489","53,273","3,937","2,308","1,629",72.58%,66.36%,80.14%,72.62%,66.38%,80.18%,71.25%,65.94%,78.76%,529,529,519,482,485,466,377,376,378,7,7,7,7,7,7,7,7,7,31.47,41.51,20.92,31.41,41.36,20.98,33.59,46.18,19.1,"88,325",524
Diplo ,Tharparkar,,Sindh,"23,892","9,350","14,542","22,964","8,971","13,993",928,379,549,"49,186","25,040","24,146","45,382","23,075","22,307","3,804","1,965","1,839",48.57%,37.34%,60.23%,50.60%,38.88%,62.73%,24.40%,19.29%,29.85%,313,269,345,262,233,288,174,106,205,2,2,2,1,1,1,3,3,3,46.1,61.15,29.89,43.71,58.95,27.27,70.63,83.87,56.56,"23,892",230
Islam Kot ,Tharparkar,,Sindh,"52,436","22,381","30,052","50,685","21,576","29,106","1,751",805,946,"89,814","46,496","43,315","84,108","43,585","40,520","5,706","2,911","2,795",58.38%,48.14%,69.38%,60.26%,49.50%,71.83%,30.69%,27.65%,33.85%,396,377,422,345,326,380,238,234,236,4,4,4,4,4,4,4,4,4,36.01,48.29,22.97,33.68,46.01,20.57,63.21,74.95,50.84,"52,436",419
Kaloi ,Tharparkar,,Sindh,"21,457","9,081","12,376","21,457","9,081","12,376",0,0,0,"39,950","20,750","19,200","39,950","20,750","19,200",0,0,0,53.71%,43.76%,64.46%,53.71%,43.76%,64.46%,0.00%,0.00%,0.00%,357,339,371,292,278,304,1,1,1,3,3,3,3,3,3,1,1,1,37.91,52.28,22.7,37.91,52.28,22.7,-,-,-,"21,457",211
Mithi ,Tharparkar,,Sindh,"34,209","14,031","20,178","30,005","12,109","17,896","4,204","1,922","2,282","77,065","39,762","37,303","57,786","29,579","28,207","19,279","10,183","9,096",44.39%,35.29%,54.09%,51.92%,40.94%,63.45%,21.81%,18.87%,25.09%,278,253,298,278,251,297,143,99,172,1,1,1,2,2,2,2,2,2,49.84,62.67,35.92,40.61,54.23,26.01,72.74,83.23,61.03,"34,209",311
Nagar Parkar ,Tharparkar,,Sindh,"61,574","26,700","34,873","59,888","25,999","33,888","1,686",701,985,"97,079","50,914","46,164","93,019","48,795","44,223","4,060","2,119","1,941",63.43%,52.44%,75.54%,64.38%,53.28%,76.63%,41.53%,33.08%,50.75%,450,423,484,392,358,433,315,289,331,5,5,6,5,5,5,6,5,6,29.49,41.38,16.67,28.79,40.47,16.19,44.57,61.02,26.92,"61,574",451
Ghorabari ,Thatta,,Sindh,"56,738","28,247","28,489","46,340","22,794","23,544","10,398","5,453","4,945","67,425","34,686","32,737","55,199","28,373","26,824","12,226","6,313","5,913",84.15%,81.44%,87.02%,83.95%,80.34%,87.77%,85.05%,86.38%,83.63%,578,579,556,539,539,521,382,382,380,3,3,3,3,3,3,4,4,4,19.89,25.42,14.06,21.2,26.79,15.24,13.21,18.19,8.19,"56,738",436
Keti Bunder ,Thatta,,Sindh,"17,658","8,680","8,978","17,658","8,680","8,978",0,0,0,"20,160","10,277","9,883","20,160","10,277","9,883",0,0,0,87.59%,84.46%,90.84%,87.59%,84.46%,90.84%,0.00%,0.00%,0.00%,583,586,577,546,549,538,1,1,1,4,4,4,4,4,4,1,1,1,12.86,17.41,7.89,12.86,17.41,7.89,-,-,-,"17,658",180
Mirpur Sakro ,Thatta,,Sindh,"91,408","44,792","46,611","83,203","40,853","42,345","8,205","3,939","4,266","123,107","62,540","60,562","106,443","54,306","52,132","16,664","8,234","8,430",74.25%,71.62%,76.96%,78.17%,75.23%,81.23%,49.24%,47.84%,50.60%,541,556,496,522,524,476,346,355,330,2,2,2,2,2,1,2,2,2,27.95,33.89,21.64,25.1,30.78,19.05,44.6,52.22,36.62,"91,408",529
Thatta ,Thatta,,Sindh,"102,682","49,901","52,775","86,566","41,957","44,604","16,116","7,944","8,171","143,556","72,799","70,750","111,814","57,068","54,740","31,742","15,731","16,010",71.53%,68.55%,74.59%,77.42%,73.52%,81.48%,50.77%,50.50%,51.04%,519,540,468,515,519,477,351,360,332,1,1,1,1,1,2,3,3,3,30.9,38.2,23.13,23.75,31.19,15.75,52.59,59.81,45.11,"102,682",547
Kunri ,Umer Kot,,Sindh,"44,635","20,469","24,166","41,448","19,083","22,365","3,187","1,386","1,801","77,748","41,708","36,040","65,843","35,520","30,323","11,905","6,188","5,717",57.41%,49.08%,67.05%,62.95%,53.72%,73.76%,26.77%,22.40%,31.50%,392,387,401,375,369,396,204,163,217,3,3,2,3,3,3,2,2,2,38.72,49.14,27.44,32.96,43.8,21.12,63,72.08,53.49,"44,635",383
Pithoro ,Umer Kot,,Sindh,"25,145","11,295","13,848","23,768","10,669","13,097","1,377",626,751,"44,366","24,141","20,223","40,185","21,846","18,337","4,181","2,295","1,886",56.68%,46.79%,68.48%,59.15%,48.84%,71.42%,32.93%,27.28%,39.82%,381,367,414,335,318,372,262,230,275,2,2,3,1,1,1,4,4,4,39.9,52.65,26,35.09,48.68,20.26,77.16,83.49,70.28,"25,145",240
Samaro ,Umer Kot,,Sindh,"39,913","18,624","21,289","39,409","18,403","21,006",504,221,283,"62,487","33,805","28,682","59,829","32,392","27,437","2,658","1,413","1,245",63.87%,55.09%,74.22%,65.87%,56.81%,76.56%,18.96%,15.64%,22.73%,455,445,464,411,396,430,94,46,151,4,4,4,4,4,4,1,1,1,29.72,40.7,17.88,26.72,37.71,14.87,75.37,86.57,63.45,"39,913",357
Umer Kot ,Umer Kot,,Sindh,"103,035","44,944","58,085","84,194","37,246","46,944","18,841","7,698","11,141","203,133","108,601","94,526","141,220","75,510","65,706","61,913","33,091","28,820",50.72%,41.38%,61.45%,59.62%,49.33%,71.45%,30.43%,23.26%,38.66%,333,316,356,341,325,373,232,173,265,1,1,1,2,2,2,3,3,3,41,54.65,26.11,33.6,46.65,19.41,55.1,69.8,38.94,"103,035",548
Abbottabad ,Abbottabad ,,KPK,"31,190","14,343","16,846","23,451","10,154","13,297","7,739","4,189","3,549"," 270,097 ","136,461","133,633","202,521","101,843","100,677","67,576","34,618","32,956",11.55%,10.51%,12.61%,11.58%,9.97%,13.21%,11.45%,12.10%,10.77%,8,9,15,9,8,18,17,14,21,1,2,2,1,2,2,4,4,4,78.39,86.87,69.73,75.97,85.52,66.25,85.1,90.55,79.45,"31,190",289
Havelian ,Abbottabad ,,KPK,"9,454","4,450","5,004","7,892","3,643","4,249","1,562",807,755," 73,523 ","36,961","36,562","56,818","28,487","28,331","16,705","8,474","8,231",12.86%,12.04%,13.69%,13.89%,12.79%,15.00%,9.35%,9.52%,9.17%,15,14,20,26,23,28,6,6,9,4,4,3,4,4,4,3,3,3,76.08,85.35,67,73.95,84.09,64.07,83.46,89.72,77.35,"9,454",93
Lora ,Abbottabad ,,KPK,"2,919","1,410","1,509","2,919","1,410","1,509",0,0,0," 25,112 ","12,401","12,711","25,112","12,401","12,711",0,0,0,11.62%,11.37%,11.87%,11.62%,11.37%,11.87%,0.00%,0.00%,0.00%,9,11,12,10,14,12,1,1,1,2,3,1,2,3,1,1,1,1,73.73,82.36,65.39,73.73,82.36,65.39,-,-,-,"2,919",13
Lower Tanawal ,Abbottabad ,,KPK,"1,849",692,"1,157","1,849",692,"1,157",0,0,0," 15,505 ","7,708","7,797","15,505","7,708","7,797",0,0,0,11.93%,8.98%,14.84%,11.93%,8.98%,14.84%,0.00%,0.00%,0.00%,10,6,25,11,7,27,1,1,1,3,1,4,3,1,3,1,1,1,71.66,84.96,58.66,71.66,84.96,58.66,-,-,-,"1,849",4
Bar Chamarkand,Bajaur,,KPK,840,287,553,840,287,553,0,0,0," 1,249 ",619,630,"1,249",619,630,0,0,0,67.25%,46.37%,87.78%,67.25%,46.37%,87.78%,0.00%,0.00%,0.00%,481,364,562,427,300,522,1,1,1,5,4,7,5,4,7,1,1,1,23.81,41.57,5.22,23.81,41.57,5.22,-,-,-,840,1
Barang ,Bajaur,,KPK,"20,309","7,724","12,585","20,309","7,724","12,585",0,0,0," 33,689 ","16,741","16,948","33,689","16,741","16,948",0,0,0,60.28%,46.14%,74.26%,60.28%,46.14%,74.26%,0.00%,0.00%,0.00%,415,362,466,346,298,402,1,1,1,3,3,3,3,3,3,1,1,1,23.39,35.26,11.5,23.39,35.26,11.5,-,-,-,"20,309",198
Khar ,Bajaur,,KPK,"59,077","22,688","36,388","59,077","22,688","36,388",0,0,0," 107,721 ","53,774","53,946","107,721","53,774","53,946",0,0,0,54.84%,42.19%,67.45%,54.84%,42.19%,67.45%,0.00%,0.00%,0.00%,367,324,407,303,265,330,1,1,1,2,2,2,2,2,2,1,1,1,33.28,47.14,18.89,33.28,47.14,18.89,-,-,-,"59,077",445
Mamund ,Bajaur,,KPK,"85,924","32,878","53,042","85,924","32,878","53,042",0,0,0," 126,193 ","64,054","62,135","126,193","64,054","62,135",0,0,0,68.09%,51.33%,85.37%,68.09%,51.33%,85.37%,0.00%,0.00%,0.00%,487,409,549,434,338,508,1,1,1,6,6,6,6,6,6,1,1,1,24.48,38.99,9.34,24.48,38.99,9.34,-,-,-,"85,924",520
Nawagai ,Bajaur,,KPK,"23,763","9,182","14,580","23,763","9,182","14,580",0,0,0," 35,937 ","18,113","17,823","35,937","18,113","17,823",0,0,0,66.12%,50.69%,81.80%,66.12%,50.69%,81.80%,0.00%,0.00%,0.00%,472,402,529,417,332,480,1,1,1,4,5,4,4,5,4,1,1,1,27.39,41.52,12.65,27.39,41.52,12.65,-,-,-,"23,763",227
Salarzai ,Bajaur,,KPK,"78,874","31,470","47,403","78,874","31,470","47,403",0,0,0," 113,121 ","57,427","55,693","113,121","57,427","55,693",0,0,0,69.73%,54.80%,85.11%,69.73%,54.80%,85.11%,0.00%,0.00%,0.00%,504,443,547,453,376,505,1,1,1,7,7,5,7,7,5,1,1,1,19.9,32.15,7.62,19.9,32.15,7.62,-,-,-,"78,874",500
Utman Khel ,Bajaur,,KPK,"24,107","9,448","14,659","24,107","9,448","14,659",0,0,0," 44,758 ","22,685","22,073","44,758","22,685","22,073",0,0,0,53.86%,41.65%,66.41%,53.86%,41.65%,66.41%,0.00%,0.00%,0.00%,361,318,393,294,258,321,1,1,1,1,1,1,1,1,1,1,1,1,31.5,45.86,17.11,31.5,45.86,17.11,-,-,-,"24,107",233
Baka Khel ,Bannu,,KPK,"40,108","17,675","22,433","40,108","17,675","22,433",0,0,0," 65,794 ","36,403","29,391","65,794","36,403","29,391",0,0,0,60.96%,48.55%,76.33%,60.96%,48.55%,76.33%,0.00%,0.00%,0.00%,422,383,490,354,313,427,1,1,1,5,5,5,5,5,5,1,1,1,28.25,43.81,11.92,28.25,43.81,11.92,-,-,-,"40,108",359
Bannu ,Bannu,,KPK,"81,291","34,721","46,569","78,103","33,130","44,972","3,188","1,591","1,597"," 208,629 ","110,216","98,411","194,088","102,301","91,786","14,541","7,915","6,625",38.96%,31.50%,47.32%,40.24%,32.38%,49.00%,21.92%,20.10%,24.11%,232,227,252,198,192,205,145,121,163,1,1,1,1,1,1,6,6,6,49.46,64.54,33.42,46.66,62.23,30.29,80.4,88.4,70.72,"81,291",506
Domel ,Bannu,,KPK,"39,642","16,533","23,109","39,642","16,533","23,109",0,0,0," 73,692 ","40,932","32,760","73,692","40,932","32,760",0,0,0,53.79%,40.39%,70.54%,53.79%,40.39%,70.54%,0.00%,0.00%,0.00%,358,306,437,293,249,361,1,1,1,4,4,4,4,4,4,1,1,1,41.38,62.49,16.94,41.38,62.49,16.94,-,-,-,"39,642",355
Kakki ,Bannu,,KPK,"13,814","5,731","8,083","13,814","5,731","8,083",0,0,0," 29,504 ","15,703","13,800","29,504","15,703","13,800",0,0,0,46.82%,36.50%,58.57%,46.82%,36.50%,58.57%,0.00%,0.00%,0.00%,297,262,331,237,215,267,1,1,1,2,2,2,2,2,2,1,1,1,42.62,59.29,24.68,42.62,59.29,24.68,-,-,-,"13,814",139
Miryan ,Bannu,,KPK,"29,051","11,243","17,808","29,051","11,243","17,808",0,0,0," 56,524 ","30,548","25,976","56,524","30,548","25,976",0,0,0,51.40%,36.80%,68.56%,51.40%,36.80%,68.56%,0.00%,0.00%,0.00%,345,264,415,274,219,339,1,1,1,3,3,3,3,3,3,1,1,1,31.77,50.86,12.6,31.77,50.86,12.6,-,-,-,"29,051",273
Wazir ,Bannu,,KPK,"10,237","5,051","5,186","10,237","5,051","5,186",0,0,0," 13,366 ","7,429","5,937","13,366","7,429","5,937",0,0,0,76.59%,67.99%,87.35%,76.59%,67.99%,87.35%,0.00%,0.00%,0.00%,553,538,558,510,495,516,1,1,1,6,6,6,6,6,6,1,1,1,16.33,28.13,3.87,16.33,28.13,3.87,-,-,-,"10,237",104
Allai ,Batagram,,KPK,"38,722","14,640","24,082","38,722","14,640","24,082",0,0,0," 75,909 ","39,619","36,290","75,909","39,619","36,290",0,0,0,51.01%,36.95%,66.36%,51.01%,36.95%,66.36%,0.00%,0.00%,0.00%,338,266,390,266,220,319,1,1,1,2,2,2,2,2,2,1,1,1,35.71,52.16,18.43,35.71,52.16,18.43,-,-,-,"38,722",350
Batagram,Batagram,,KPK,"47,542","19,082","28,458","47,542","19,082","28,458",0,0,0," 115,248 ","59,936","55,310","115,248","59,936","55,310",0,0,0,41.25%,31.84%,51.45%,41.25%,31.84%,51.45%,0.00%,0.00%,0.00%,249,229,276,202,186,218,1,1,1,1,1,1,1,1,1,1,1,1,41.2,56.31,26.3,41.2,56.31,26.3,-,-,-,"47,542",400
Chagharzai ,Buner,,KPK,"17,180","5,876","11,303","17,180","5,876","11,303",0,0,0," 43,195 ","22,704","20,490","43,195","22,704","20,490",0,0,0,39.77%,25.88%,55.16%,39.77%,25.88%,55.16%,0.00%,0.00%,0.00%,237,180,304,192,139,238,1,1,1,5,4,6,5,4,6,1,1,1,38.27,56.97,20.3,38.27,56.97,20.3,-,-,-,"17,180",175
Daggar ,Buner,,KPK,"22,915","7,708","15,207","22,915","7,708","15,207",0,0,0," 64,295 ","33,314","30,981","64,295","33,314","30,981",0,0,0,35.64%,23.14%,49.08%,35.64%,23.14%,49.08%,0.00%,0.00%,0.00%,210,128,261,173,107,206,1,1,1,3,2,4,3,2,4,1,1,1,47.57,65.58,30.51,47.57,65.58,30.51,-,-,-,"22,915",221
Gadezai ,Buner,,KPK,"23,841","8,982","14,859","23,841","8,982","14,859",0,0,0," 66,294 ","34,623","31,671","66,294","34,623","31,671",0,0,0,35.96%,25.94%,46.92%,35.96%,25.94%,46.92%,0.00%,0.00%,0.00%,213,181,251,174,142,194,1,1,1,4,5,3,4,5,3,1,1,1,44.22,60.47,28.85,44.22,60.47,28.85,-,-,-,"23,841",229
Gagra ,Buner,,KPK,"20,764","7,584","13,179","20,764","7,584","13,179",0,0,0," 59,434 ","30,945","28,488","59,434","30,945","28,488",0,0,0,34.94%,24.51%,46.26%,34.94%,24.51%,46.26%,0.00%,0.00%,0.00%,206,156,244,167,122,191,1,1,1,2,3,2,2,3,2,1,1,1,46.22,63.19,29.6,46.22,63.19,29.6,-,-,-,"20,764",204
Khado Khel ,Buner,,KPK,"14,298","5,185","9,113","14,298","5,185","9,113",0,0,0," 43,937 ","23,129","20,808","43,937","23,129","20,808",0,0,0,32.54%,22.42%,43.80%,32.54%,22.42%,43.80%,0.00%,0.00%,0.00%,195,119,228,154,99,175,1,1,1,1,1,1,1,1,1,1,1,1,45.1,59.71,30.87,45.1,59.71,30.87,-,-,-,"14,298",144
Mandanr ,Buner,,KPK,"24,630","8,858","15,772","24,630","8,858","15,772",0,0,0," 61,901 ","32,055","29,846","61,901","32,055","29,846",0,0,0,39.79%,27.63%,52.84%,39.79%,27.63%,52.84%,0.00%,0.00%,0.00%,238,197,289,193,158,224,1,1,1,6,6,5,6,6,5,1,1,1,39.47,56.23,22.45,39.47,56.23,22.45,-,-,-,"24,630",237
Charsadda,Charsadda,,KPK,"77,535","34,226","43,306","69,245","30,271","38,971","8,290","3,955","4,335"," 281,842 ","147,376","134,463","237,535","124,404","113,128","44,307","22,972","21,335",27.51%,23.22%,32.21%,29.15%,24.33%,34.45%,18.71%,17.22%,20.32%,150,130,151,119,121,121,89,68,120,1,1,1,1,2,1,1,1,1,58.56,70.37,45.63,56.73,69.06,43.18,67.16,76.59,57.05,"77,535",497
Shabqadar ,Charsadda,,KPK,"43,169","18,001","25,165","32,617","13,120","19,494","10,552","4,881","5,671"," 139,095 ","72,999","66,093","106,656","55,797","50,856","32,439","17,202","15,237",31.04%,24.66%,38.08%,30.58%,23.51%,38.33%,32.53%,28.37%,37.22%,185,159,188,135,110,150,258,247,260,3,2,3,3,1,3,3,2,3,49.65,64.19,34.34,49.72,64.65,34.26,49.4,62.71,34.59,"43,169",374
Tangi ,Charsadda,,KPK,"45,926","19,941","25,984","42,787","18,330","24,456","3,139","1,611","1,528"," 151,481 ","78,741","72,737","141,573","73,613","67,957","9,908","5,128","4,780",30.32%,25.32%,35.72%,30.22%,24.90%,35.99%,31.68%,31.42%,31.97%,178,172,180,130,129,136,247,275,222,2,3,2,2,3,2,2,3,2,48.85,61.16,35.74,48.04,60.62,34.63,58.37,67.45,48.76,"45,926",388
Daraban ,Dera Ismail Khan,,KPK,"31,177","14,612","16,565","31,177","14,612","16,565",0,0,0," 51,052 ","27,223","23,829","51,052","27,223","23,829",0,0,0,61.07%,53.68%,69.52%,61.07%,53.68%,69.52%,0.00%,0.00%,0.00%,424,436,426,355,368,347,1,1,1,5,5,5,4,4,4,1,1,1,26.89,36.35,15.93,26.89,36.35,15.93,-,-,-,"31,177",288
D. I. Khan ,Dera Ismail Khan,,KPK,"92,478","43,292","49,183","81,206","36,893","44,310","11,272","6,399","4,873"," 237,102 ","126,446","110,653","179,743","96,015","83,725","57,359","30,431","26,928",39.00%,34.24%,44.45%,45.18%,38.42%,52.92%,19.65%,21.03%,18.10%,233,247,232,222,231,225,105,142,92,2,2,2,2,2,2,3,3,3,56.97,67.18,45.53,46.32,58.8,32.37,80.71,85.73,75.08,"92,478",532
Darazinda ,Dera Ismail Khan,,KPK,"21,228","10,126","11,102","21,228","10,126","11,102",0,0,0," 29,570 ","16,484","13,086","29,570","16,484","13,086",0,0,0,71.79%,61.43%,84.84%,71.79%,61.43%,84.84%,0.00%,0.00%,0.00%,524,492,544,475,442,502,1,1,1,6,6,6,6,6,6,1,1,1,28.67,40.16,15.51,28.67,40.16,15.51,-,-,-,"21,228",207
Kulachi ,Dera Ismail Khan,,KPK,"20,378","9,416","10,960","17,987","8,342","9,643","2,391","1,074","1,317"," 33,745 ","17,791","15,952","26,966","14,245","12,719","6,779","3,546","3,233",60.39%,52.93%,68.71%,66.70%,58.56%,75.82%,35.27%,30.29%,40.74%,417,427,417,424,416,423,274,269,282,4,4,4,5,5,5,5,5,6,30.29,40.63,18.57,21.81,31.32,11.08,54.93,67.47,40.53,"20,378",200
Paharpur ,Dera Ismail Khan,,KPK,"43,753","17,758","25,995","35,904","14,340","21,564","7,849","3,418","4,431"," 130,958 ","68,788","62,170","103,762","54,247","49,515","27,196","14,541","12,655",33.41%,25.82%,41.81%,34.60%,26.43%,43.55%,28.86%,23.51%,35.01%,199,179,216,164,151,173,221,180,244,1,1,1,1,1,1,4,4,4,48.86,64.77,31.92,46.67,63.02,29.34,56.71,70.94,41.25,"43,753",380
Paroa ,Dera Ismail Khan,,KPK,"55,553","24,997","30,556","50,371","22,500","27,871","5,182","2,497","2,685"," 109,162 ","57,565","51,597","95,113","50,204","44,909","14,049","7,361","6,688",50.89%,43.42%,59.22%,52.96%,44.82%,62.06%,36.89%,33.92%,40.15%,335,336,335,283,286,286,286,294,277,3,3,3,3,3,3,6,6,5,35.56,46.62,23.15,34.28,45.52,21.65,43.71,53.65,32.67,"55,553",431
Hangu ,Hangu,,KPK,"34,524","12,146","22,377","31,306","10,801","20,504","3,218","1,345","1,873"," 91,908 ","48,119","43,788","78,930","41,282","37,647","12,978","6,837","6,141",37.56%,25.24%,51.10%,39.66%,26.16%,54.46%,24.80%,19.67%,30.50%,223,169,272,190,146,231,179,113,210,1,1,1,1,1,1,1,2,1,48.63,70.75,28.05,45.72,69.42,23.91,64.02,77.51,50.69,"34,524",315
Tall ,Hangu,,KPK,"40,317","13,956","26,359","36,865","12,716","24,147","3,452","1,240","2,212"," 84,553 ","44,794","39,757","71,476","37,761","33,713","13,077","7,033","6,044",47.68%,31.16%,66.30%,51.58%,33.67%,71.63%,26.40%,17.63%,36.60%,303,222,389,276,200,374,200,76,259,2,2,2,2,2,2,2,1,2,36.7,60.45,14.99,32.62,57.98,9.92,57,71.96,41.79,"40,317",361
Ghazi ,Haripur,,KPK,"7,049","2,751","4,298","7,049","2,751","4,298",0,0,0," 41,512 ","21,523","19,989","41,512","21,523","19,989",0,0,0,16.98%,12.78%,21.50%,16.98%,12.78%,21.50%,0.00%,0.00%,0.00%,39,20,79,38,22,60,1,1,1,3,3,3,3,2,3,1,1,1,69.69,81.72,57.98,69.69,81.72,57.98,-,-,-,"7,049",70
Haripur ,Haripur,,KPK,"30,525","14,223","16,302","27,529","12,508","15,021","2,996","1,715","1,281"," 226,902 ","117,263","109,638","188,731","97,549","91,182","38,171","19,714","18,456",13.45%,12.13%,14.87%,14.59%,12.82%,16.47%,7.85%,8.70%,6.94%,19,16,26,34,24,33,3,4,3,2,2,2,2,3,2,3,3,3,76.07,84.39,67.62,73.99,83,64.8,85.39,90.69,80.1,"30,525",283
Khanpur ,Haripur,,KPK,"6,264","2,716","3,548","6,264","2,716","3,548",0,0,0," 50,274 ","25,914","24,359","50,274","25,914","24,359",0,0,0,12.46%,10.48%,14.57%,12.46%,10.48%,14.57%,0.00%,0.00%,0.00%,12,8,23,14,11,26,1,1,1,1,1,1,1,1,1,1,1,1,73.76,84.91,62.97,73.76,84.91,62.97,-,-,-,"6,264",54
Banda Daud Shah ,Karak,,KPK,"21,157","7,622","13,535","21,157","7,622","13,535",0,0,0," 54,835 ","28,301","26,534","54,835","28,301","26,534",0,0,0,38.58%,26.93%,51.01%,38.58%,26.93%,51.01%,0.00%,0.00%,0.00%,227,188,271,184,155,213,1,1,1,3,3,3,3,3,3,1,1,1,53.95,76.55,31.67,53.95,76.55,31.67,-,-,-,"21,157",206
Karak ,Karak,,KPK,"23,198","9,331","13,864","20,086","7,997","12,086","3,112","1,334","1,778"," 102,346 ","53,992","48,351","84,930","44,777","40,150","17,416","9,215","8,201",22.67%,17.28%,28.67%,23.65%,17.86%,30.10%,17.87%,14.48%,21.68%,96,51,127,81,56,95,79,34,139,1,1,1,1,1,1,3,3,3,67.76,85.81,48.55,66.97,86.06,46.67,71.51,84.61,57.5,"23,198",222
Takht-E-Nasrati ,Karak,,KPK,"24,638","9,874","14,764","24,638","9,874","14,764",0,0,0," 91,442 ","48,035","43,407","91,442","48,035","43,407",0,0,0,26.94%,20.56%,34.01%,26.94%,20.56%,34.01%,0.00%,0.00%,0.00%,140,91,166,101,78,117,1,1,1,2,2,2,2,2,2,1,1,1,69.55,86.6,51.08,69.55,86.6,51.08,-,-,-,"24,638",238
Bara ,Khyber,,KPK,"111,845","44,159","67,682","111,845","44,159","67,682",0,0,0," 207,050 ","109,715","97,331","207,050","109,715","97,331",0,0,0,54.02%,40.25%,69.54%,54.02%,40.25%,69.54%,0.00%,0.00%,0.00%,362,303,427,296,246,348,1,1,1,3,3,2,3,3,1,1,1,1,34.72,53.13,15.17,34.72,53.13,15.17,-,-,-,"111,845",554
Jamrud ,Khyber,,KPK,"36,663","15,087","21,575","31,307","12,769","18,537","5,356","2,318","3,038"," 87,120 ","46,824","40,294","68,112","36,700","11,208","19,008","10,124","8,884",42.08%,32.22%,53.54%,45.96%,34.79%,165.39%,28.18%,22.90%,34.20%,259,231,292,229,206,554,220,168,238,1,2,1,1,2,4,3,3,3,46.18,62.83,27.57,40.61,57.98,21.04,63.94,78.52,48.03,"36,663",332
Landi Kotal ,Khyber,,KPK,"56,912","18,115","38,797","50,239","15,974","34,265","6,673","2,141","4,532"," 113,048 ","59,898","53,150","99,372","52,721","46,651","13,676","7,177","6,499",50.34%,30.24%,73.00%,50.56%,30.30%,73.45%,48.79%,29.83%,69.73%,331,217,455,260,180,388,342,261,371,2,1,3,2,1,2,4,4,4,38.92,62.99,12.66,36.47,61.09,9.74,55.22,75.41,32.46,"56,912",437
Mulagori ,Khyber,,KPK,"8,090","3,388","4,702","8,090","3,388","4,702",0,0,0," 13,335 ","7,407","5,928","13,335","7,407","5,928",0,0,0,60.67%,45.74%,79.32%,60.67%,45.74%,79.32%,0.00%,0.00%,0.00%,420,358,513,349,295,456,1,1,1,4,4,4,4,4,3,1,1,1,38.36,58.11,15.47,38.36,58.11,15.47,-,-,-,"8,090",83
Darra Adam Khel ,Kohat,,KPK,"12,087","3,362","8,725","12,087","3,362","8,725",0,0,0," 44,079 ","22,817","21,262","44,079","22,817","21,262",0,0,0,27.42%,14.73%,41.04%,27.42%,14.73%,41.04%,0.00%,0.00%,0.00%,147,31,209,105,35,159,1,1,1,1,1,2,1,1,1,1,1,1,58.9,83.11,34.59,58.9,83.11,34.59,-,-,-,"12,087",122
Gumbat,Kohat,,KPK,"11,589","3,749","7,840","11,589","3,749","7,840",0,0,0," 37,044 ","19,173","17,871","37,044","19,173","17,871",0,0,0,31.28%,19.55%,43.87%,31.28%,19.55%,43.87%,0.00%,0.00%,0.00%,187,77,229,139,68,176,1,1,1,3,3,4,2,3,2,1,1,1,54.55,74.98,34.05,54.55,74.98,34.05,-,-,-,"11,589",117
Kohat,Kohat,,KPK,"80,034","27,665","52,367","62,947","19,813","43,132","17,087","7,852","9,235"," 252,950 ","133,258","119,689","185,131","97,689","87,439","67,819","35,569","32,250",31.64%,20.76%,43.75%,34.00%,20.28%,49.33%,25.20%,22.08%,28.64%,190,95,227,162,76,208,185,158,194,4,4,3,4,4,4,4,4,4,58.19,74.17,41.77,52.63,71.31,33.79,71.37,80.75,61.32,"80,034",503
Lachi ,Kohat,,KPK,"12,126","3,751","8,373","10,137","2,902","7,234","1,989",849,"1,139"," 44,077 ","22,891","21,184","32,341","16,815","15,525","11,736","6,076","5,659",27.51%,16.39%,39.53%,31.34%,17.26%,46.60%,16.95%,13.97%,20.13%,151,42,201,141,52,192,65,31,116,2,2,1,3,2,3,3,3,3,63.39,83.24,42.65,57.71,81.18,33.58,77.65,88.26,66.09,"12,126",123
Battera Kolai,Kolai Palas Kohistan,,KPK,"53,261","27,066","26,195","53,261","27,066","26,195",0,0,0," 60,197 ","31,622","28,575","60,197","31,622","28,575",0,0,0,88.48%,85.59%,91.67%,88.48%,85.59%,91.67%,0.00%,0.00%,0.00%,588,588,578,551,551,539,1,1,1,2,2,2,2,2,2,1,1,1,15.93,20.06,11.57,15.93,20.06,11.57,-,-,-,"53,261",422
Palas ,Kolai Palas Kohistan,,KPK,"27,072","12,808","14,263","27,072","12,808","14,263",0,0,0," 36,253 ","18,462","17,790","36,253","18,462","17,790",0,0,0,74.68%,69.37%,80.17%,74.68%,69.37%,80.17%,0.00%,0.00%,0.00%,545,549,520,501,509,465,1,1,1,1,1,1,1,1,1,1,1,1,23.08,30.58,15.43,23.08,30.58,15.43,-,-,-,"27,072",253
Central Kurram,Kurram,,KPK,"97,242","45,994","51,246","97,242","45,994","51,246",0,0,0," 134,348 ","73,902","60,443","134,348","73,902","60,443",0,0,0,72.38%,62.24%,84.78%,72.38%,62.24%,84.78%,0.00%,0.00%,0.00%,527,502,543,479,450,501,1,1,1,3,3,3,3,3,3,1,1,1,20.97,32.67,8.48,20.97,32.67,8.48,-,-,-,"97,242",539
Lower Kurram ,Kurram,,KPK,"24,859","10,237","14,621","18,179","7,388","10,790","6,680","2,849","3,831"," 50,316 ","26,667","23,648","37,133","19,574","17,558","13,183","7,093","6,090",49.41%,38.39%,61.83%,48.96%,37.74%,61.45%,50.67%,40.17%,62.91%,321,277,360,250,225,283,350,328,365,2,2,2,2,2,2,3,3,3,38.15,55.29,20.7,36.88,53.89,19.91,41.91,59.31,23.15,"24,859",239
Upper Kurram ,Kurram,,KPK,"23,369","8,793","14,575","23,063","8,637","14,425",306,156,150," 84,035 ","43,733","40,300","82,563","42,960","39,601","1,472",773,699,27.81%,20.11%,36.17%,27.93%,20.10%,36.43%,20.79%,20.18%,21.46%,152,84,184,109,74,141,128,123,136,1,1,1,1,1,1,2,2,2,49.07,65.01,33.26,48.53,64.58,32.64,76.04,85.06,66.01,"23,369",224
Bettani ,Lakki Marwat,,KPK,"8,732","3,533","5,199","8,732","3,533","5,199",0,0,0," 12,821 ","6,815","6,006","12,821","6,815","6,006",0,0,0,68.11%,51.84%,86.56%,68.11%,51.84%,86.56%,0.00%,0.00%,0.00%,488,418,553,435,345,512,1,1,1,4,4,4,4,4,4,1,1,1,31.62,49.19,13.11,31.62,49.19,13.11,-,-,-,"8,732",88
Ghazni Khel ,Lakki Marwat,,KPK,"35,729","10,748","24,979","35,729","10,748","24,979",0,0,0," 101,987 ","50,589","51,396","101,987","50,589","51,396",0,0,0,35.03%,21.25%,48.60%,35.03%,21.25%,48.60%,0.00%,0.00%,0.00%,207,105,255,168,87,204,1,1,1,1,1,1,1,1,1,1,1,1,54.29,75.24,32.91,54.29,75.24,32.91,-,-,-,"35,729",326
Lakki Marwat,Lakki Marwat,,KPK,"43,525","15,030","28,494","38,598","13,000","25,597","4,927","2,030","2,897"," 105,001 ","52,313","52,686","85,213","42,471","42,740","19,788","9,842","9,946",41.45%,28.73%,54.08%,45.30%,30.61%,59.89%,24.90%,20.63%,29.13%,253,205,297,224,181,276,182,133,196,2,2,2,2,2,2,4,4,3,50.06,69.89,29.51,46.02,67.77,23.54,64.55,77.46,51.04,"43,525",378
Sarai Naurang ,Lakki Marwat,,KPK,"54,115","21,614","32,501","51,626","20,615","31,011","2,489",999,"1,490"," 111,768 ","57,503","54,264","101,562","52,360","49,201","10,206","5,143","5,063",48.42%,37.59%,59.89%,50.83%,39.37%,63.03%,24.39%,19.42%,29.43%,310,270,341,263,238,292,173,110,201,3,3,3,3,3,3,3,3,4,42.66,58.67,25.96,41.19,57.46,24.18,55.51,69.38,41.35,"54,115",424
Chitral,Lower Chitral,,KPK,"7,271","3,168","4,103","5,479","2,278","3,201","1,792",890,902," 52,735 ","26,402","26,333","38,733","19,341","19,392","14,002","7,061","6,941",13.79%,12.00%,15.58%,14.15%,11.78%,16.51%,12.80%,12.60%,13.00%,22,13,32,29,16,34,25,16,33,1,1,1,1,1,1,2,2,2,70.2,80.57,59.24,67.66,78.44,56.36,77.17,86.37,67.26,"7,271",72
Drosh ,Lower Chitral,,KPK,"10,011","4,525","5,486","10,011","4,525","5,486",0,0,0," 34,606 ","17,640","16,966","34,606","17,640","16,966",0,0,0,28.93%,25.65%,32.34%,28.93%,25.65%,32.34%,0.00%,0.00%,0.00%,160,176,152,116,137,109,1,1,1,2,2,2,2,2,2,1,1,1,57.38,68.83,45.26,57.38,68.83,45.26,-,-,-,"10,011",100
Adenzai ,Lower Dir,,KPK,"27,943","11,667","16,276","27,943","11,667","16,276",0,0,0," 121,013 ","62,770","58,243","121,013","62,770","58,243",0,0,0,23.09%,18.59%,27.94%,23.09%,18.59%,27.94%,0.00%,0.00%,0.00%,102,64,123,77,59,88,1,1,1,2,2,2,2,2,2,1,1,1,62.19,74.52,49.48,62.19,74.52,49.48,-,-,-,"27,943",264
Lalqila ,Lower Dir,,KPK,"24,099","9,465","14,633","24,099","9,465","14,633",0,0,0," 84,501 ","43,477","41,023","84,501","43,477","41,023",0,0,0,28.52%,21.77%,35.67%,28.52%,21.77%,35.67%,0.00%,0.00%,0.00%,156,112,179,112,93,133,1,1,1,3,3,3,3,3,3,1,1,1,53.29,71.47,38.23,53.29,71.47,38.23,-,-,-,"24,099",232
Samarbagh ,Lower Dir,,KPK,"56,447","21,402","35,043","56,447","21,402","35,043",0,0,0," 146,427 ","75,808","70,615","146,427","75,808","70,615",0,0,0,38.55%,28.23%,49.63%,38.55%,28.23%,49.63%,0.00%,0.00%,0.00%,226,203,265,183,167,210,1,1,1,4,4,4,4,4,4,1,1,1,45.75,63.07,29.54,45.75,63.07,29.54,-,-,-,"56,447",434
Timergara ,Lower Dir,,KPK,"41,044","16,929","24,113","38,167","15,313","22,852","2,877","1,616","1,261"," 196,853 ","101,779","95,069","181,171","93,631","87,536","15,682","8,148","7,533",20.85%,16.63%,25.36%,21.07%,16.35%,26.11%,18.35%,19.83%,16.74%,73,44,110,62,46,83,86,116,69,1,1,1,1,1,1,4,4,4,64.06,78.4,50.91,63.4,78.2,49.97,71.35,80.51,61.88,"41,044",366
Bankad ,Lower Kohistan,,KPK,"57,876","27,592","30,281","57,876","27,592","30,281",0,0,0," 69,690 ","36,202","33,485","69,690","36,202","33,485",0,0,0,83.05%,76.22%,90.43%,83.05%,76.22%,90.43%,0.00%,0.00%,0.00%,574,567,575,535,527,535,1,1,1,2,2,2,2,2,2,1,1,1,20.14,29.33,10.66,20.14,29.33,10.66,-,-,-,"57,876",440
Pattan,Lower Kohistan,,KPK,"32,681","14,339","18,341","32,681","14,339","18,341",0,0,0," 44,407 ","22,861","21,545","44,407","22,861","21,545",0,0,0,73.59%,62.72%,85.13%,73.59%,62.72%,85.13%,0.00%,0.00%,0.00%,536,510,548,491,458,506,1,1,1,1,1,1,1,1,1,1,1,1,24.61,38.63,9.86,24.61,38.63,9.86,-,-,-,"32,681",301
Sam Rani Zai ,Malakand ,,KPK,"23,719","10,823","12,896","23,719","10,823","12,896",0,0,0," 109,943 ","57,864","52,077","109,943","57,864","52,077",0,0,0,21.57%,18.70%,24.76%,21.57%,18.70%,24.76%,0.00%,0.00%,0.00%,81,65,106,67,60,77,1,1,1,2,2,2,2,2,2,1,1,1,59.13,68.7,49.24,59.13,68.7,49.24,-,-,-,"23,719",225
Swat Rani Zai ,Malakand ,,KPK,"31,264","14,346","16,914","25,866","11,200","14,665","5,398","3,146","2,249"," 147,989 ","77,477","70,508","125,204","65,602","59,601","22,785","11,875","10,907",21.13%,18.52%,23.99%,20.66%,17.07%,24.61%,23.69%,26.49%,20.62%,76,61,99,61,51,76,167,222,124,1,1,1,1,1,1,2,2,2,63.57,74.34,52.41,63.67,74.98,52.08,63.08,71.07,54.23,"31,264",290
Baffa Pakhal,Mansehra,,KPK,"32,144","12,269","19,873","31,573","11,986","19,585",571,283,288," 138,637 ","71,402","67,232","133,622","68,758","64,861","5,015","2,644","2,371",23.19%,17.18%,29.56%,23.63%,17.43%,30.20%,11.39%,10.70%,12.15%,105,49,135,80,53,96,15,9,26,3,5,3,4,5,3,4,4,4,60.85,71.49,49.72,60.09,70.92,48.75,79.31,85.05,73.23,"32,144",298
Bala Kot ,Mansehra,,KPK,"16,986","5,852","11,134","16,986","5,852","11,134",0,0,0," 95,248 ","48,570","46,676","95,248","48,570","46,676",0,0,0,17.83%,12.05%,23.85%,17.83%,12.05%,23.85%,0.00%,0.00%,0.00%,46,15,98,40,19,72,1,1,1,2,1,2,1,1,2,1,1,1,67.5,79.54,55.22,67.5,79.54,55.22,-,-,-,"16,986",172
Darband ,Mansehra,,KPK,"3,518","1,051","2,467","3,518","1,051","2,467",0,0,0," 14,967 ","7,531","7,436","14,967","7,531","7,436",0,0,0,23.51%,13.96%,33.18%,23.51%,13.96%,33.18%,0.00%,0.00%,0.00%,109,28,158,78,31,114,1,1,1,4,3,4,3,3,4,1,1,1,50.47,68.78,33.86,50.47,68.78,33.86,-,-,-,"3,518",21
Mansehra,Mansehra,,KPK,"38,069","15,078","22,991","31,931","12,362","19,569","6,138","2,716","3,422"," 214,758 ","111,395","103,362","176,402","91,223","85,178","38,356","20,172","18,184",17.73%,13.54%,22.24%,18.10%,13.55%,22.97%,16.00%,13.46%,18.82%,45,24,89,43,27,68,52,27,98,1,2,1,2,2,1,5,5,5,68.7,78.27,58.73,65.85,76.17,55.12,80.22,86.72,73.42,"38,069",344
Oghi ,Mansehra,,KPK,"20,575","6,820","13,755","20,575","6,820","13,755",0,0,0," 79,280 ","41,182","38,097","79,280","41,182","38,097",0,0,0,25.95%,16.56%,36.11%,25.95%,16.56%,36.11%,0.00%,0.00%,0.00%,128,43,183,93,47,138,1,1,1,5,4,5,5,4,5,1,1,1,52.85,69.46,37.23,52.85,69.46,37.23,-,-,-,"20,575",201
Garhi Kapura ,Mardan,,KPK,"31,500","13,057","18,442","31,500","13,057","18,442",0,0,0," 99,701 ","51,603","48,095","99,701","51,603","48,095",0,0,0,31.59%,25.30%,38.34%,31.59%,25.30%,38.34%,0.00%,0.00%,0.00%,189,170,193,144,132,151,1,1,1,4,5,4,4,5,4,1,1,1,51.7,66.22,36.89,51.7,66.22,36.89,-,-,-,"31,500",295
Katlang ,Mardan,,KPK,"25,558","10,344","15,214","25,558","10,344","15,214",0,0,0," 117,916 ","61,935","55,981","117,916","61,935","55,981",0,0,0,21.67%,16.70%,27.18%,21.67%,16.70%,27.18%,0.00%,0.00%,0.00%,82,45,121,68,48,85,1,1,1,1,1,1,1,1,1,1,1,1,61.47,75.22,47.36,61.47,75.22,47.36,-,-,-,"25,558",244
Mardan ,Mardan,,KPK,"87,814","38,158","49,655","62,836","27,016","35,820","24,978","11,142","13,835"," 315,034 ","164,795","150,238","208,533","109,006","99,527","106,501","55,789","50,711",27.87%,23.15%,33.05%,30.13%,24.78%,35.99%,23.45%,19.97%,27.28%,153,129,154,128,127,137,165,119,183,3,3,3,3,4,3,5,5,5,56.41,68.14,43.83,52.17,65.04,38.39,63.9,73.6,53.47,"87,814",522
Rustam ,Mardan,,KPK,"27,830","10,838","16,992","27,830","10,838","16,992",0,0,0," 87,429 ","44,972","42,457","87,429","44,972","42,457",0,0,0,31.83%,24.10%,40.02%,31.83%,24.10%,40.02%,0.00%,0.00%,0.00%,191,152,204,148,118,156,1,1,1,5,4,5,5,3,5,1,1,1,49.98,65.18,34.68,49.98,65.18,34.68,-,-,-,"27,830",262
Takht Bhai ,Mardan,,KPK,"58,267","25,355","32,912","52,782","22,990","29,792","5,485","2,365","3,120"," 225,758 ","116,759","108,995","199,593","103,427","96,162","26,165","13,332","12,833",25.81%,21.72%,30.20%,26.44%,22.23%,30.98%,20.96%,17.74%,24.31%,126,108,143,100,97,101,131,79,166,2,2,2,2,2,2,4,4,4,56.02,67.14,44.33,55.19,66.46,43.32,62.18,72.26,51.78,"58,267",442
Ambar ,Mohmand,,KPK,"23,757","9,635","14,122","23,757","9,635","14,122",0,0,0," 30,705 ","15,558","15,147","30,705","15,558","15,147",0,0,0,77.37%,61.93%,93.23%,77.37%,61.93%,93.23%,0.00%,0.00%,0.00%,558,498,583,514,446,545,1,1,1,7,7,7,7,7,7,1,1,1,21.71,33.08,9.94,21.71,33.08,9.94,-,-,-,"23,757",226
Halimzai ,Mohmand,,KPK,"12,468","3,719","8,749","12,468","3,719","8,749",0,0,0," 29,960 ","15,042","14,917","29,960","15,042","14,917",0,0,0,41.62%,24.72%,58.65%,41.62%,24.72%,58.65%,0.00%,0.00%,0.00%,254,160,332,203,125,271,1,1,1,1,1,2,1,1,2,1,1,1,45.18,66.71,22.67,45.18,66.71,22.67,-,-,-,"12,468",127
Pandiali ,Mohmand,,KPK,"25,985","9,618","16,367","25,985","9,618","16,367",0,0,0," 40,126 ","20,444","19,681","40,126","20,444","19,681",0,0,0,64.76%,47.05%,83.16%,64.76%,47.05%,83.16%,0.00%,0.00%,0.00%,466,371,537,397,301,493,1,1,1,4,4,5,4,4,5,1,1,1,29.11,45.36,12.02,29.11,45.36,12.02,-,-,-,"25,985",247
Prang Ghar ,Mohmand,,KPK,"6,831","2,832","3,999","6,831","2,832","3,999",0,0,0," 12,543 ","6,268","6,275","12,543","6,268","6,275",0,0,0,54.46%,45.18%,63.73%,54.46%,45.18%,63.73%,0.00%,0.00%,0.00%,364,350,367,301,289,299,1,1,1,3,3,3,3,3,3,1,1,1,35.46,49.29,21.88,35.46,49.29,21.88,-,-,-,"6,831",64
Safi ,Mohmand,,KPK,"27,373","10,130","17,243","27,373","10,130","17,243",0,0,0," 40,274 ","20,614","19,660","40,274","20,614","19,660",0,0,0,67.97%,49.14%,87.71%,67.97%,49.14%,87.71%,0.00%,0.00%,0.00%,486,388,561,432,323,520,1,1,1,5,5,6,5,5,6,1,1,1,26.21,42.81,8.33,26.21,42.81,8.33,-,-,-,"27,373",254
Upper Mohmand ,Mohmand,,KPK,"16,653","6,784","9,869","16,653","6,784","9,869",0,0,0," 23,450 ","11,541","11,909","23,450","11,541","11,909",0,0,0,71.01%,58.78%,82.87%,71.01%,58.78%,82.87%,0.00%,0.00%,0.00%,517,471,535,465,419,491,1,1,1,6,6,4,6,6,4,1,1,1,21.62,32.23,10.93,21.62,32.23,10.93,-,-,-,"16,653",169
Yaka Ghund ,Mohmand,,KPK,"10,015","3,977","6,038","10,015","3,977","6,038",0,0,0," 21,329 ","10,832","10,497","21,329","10,832","10,497",0,0,0,46.95%,36.72%,57.52%,46.95%,36.72%,57.52%,0.00%,0.00%,0.00%,299,263,322,238,216,257,1,1,1,2,2,1,2,2,1,1,1,1,41.38,56.08,26.29,41.38,56.08,26.29,-,-,-,"10,015",101
Data Khel ,North Waziristan,,KPK,"22,718","9,287","13,430","22,718","9,287","13,430",0,0,0," 30,776 ","15,631","15,144","30,776","15,631","15,144",0,0,0,73.82%,59.41%,88.68%,73.82%,59.41%,88.68%,0.00%,0.00%,0.00%,538,475,565,493,422,526,1,1,1,6,6,5,6,6,5,1,1,1,30.63,43.55,17.46,30.63,43.55,17.46,-,-,-,"22,718",219
Dossali ,North Waziristan,,KPK,"13,922","5,607","8,315","13,922","5,607","8,315",0,0,0," 18,902 ","9,576","9,326","18,902","9,576","9,326",0,0,0,73.65%,58.55%,89.16%,73.65%,58.55%,89.16%,0.00%,0.00%,0.00%,537,469,568,492,415,529,1,1,1,5,5,6,5,5,6,1,1,1,33.02,46.68,19.58,33.02,46.68,19.58,-,-,-,"13,922",141
Garyum ,North Waziristan,,KPK,"5,589","2,438","3,150","5,589","2,438","3,150",0,0,0," 6,711 ","3,305","3,405","6,711","3,305","3,405",0,0,0,83.28%,73.77%,92.51%,83.28%,73.77%,92.51%,0.00%,0.00%,0.00%,575,561,581,536,520,542,1,1,1,9,9,9,9,9,9,1,1,1,17.74,26.04,9.57,17.74,26.04,9.57,-,-,-,"5,589",43
Ghulam Khan ,North Waziristan,,KPK,"8,527","3,643","4,884","8,527","3,643","4,884",0,0,0," 10,842 ","5,536","5,306","10,842","5,536","5,306",0,0,0,78.65%,65.81%,92.05%,78.65%,65.81%,92.05%,0.00%,0.00%,0.00%,564,527,580,523,482,541,1,1,1,8,7,8,8,7,8,1,1,1,8.44,13.95,2.89,8.44,13.95,2.89,-,-,-,"8,527",86
Mir Ali ,North Waziristan,,KPK,"45,034","19,332","25,701","45,034","19,332","25,701",0,0,0," 76,344 ","40,075","36,268","76,344","40,075","36,268",0,0,0,58.99%,48.24%,70.86%,58.99%,48.24%,70.86%,0.00%,0.00%,0.00%,405,381,439,332,311,367,1,1,1,1,2,1,1,2,1,1,1,1,38.31,54.2,21.17,38.31,54.2,21.17,-,-,-,"45,034",384
Miran Shah ,North Waziristan,,KPK,"26,622","10,585","16,037","26,318","10,457","15,861",304,128,176," 41,815 ","20,732","21,082","40,661","20,172","20,489","1,154",560,593,63.67%,51.06%,76.07%,64.73%,51.84%,77.41%,26.34%,22.86%,29.68%,453,403,488,396,344,439,199,167,204,3,3,2,3,3,2,9,9,9,36.53,50.43,22.12,35.68,49.57,21.33,64.44,77.59,49.55,"26,622",252
Razmak ,North Waziristan,,KPK,"15,050","7,832","7,217","15,050","7,832","7,217",0,0,0," 19,416 ","11,371","8,044","19,416","11,371","8,044",0,0,0,77.51%,68.88%,89.72%,77.51%,68.88%,89.72%,0.00%,0.00%,0.00%,559,543,571,516,500,531,1,1,1,7,8,7,7,8,7,1,1,1,26.62,36.1,13.91,26.62,36.1,13.91,-,-,-,"15,050",149
Shewa ,North Waziristan,,KPK,"9,459","3,072","6,387","9,459","3,072","6,387",0,0,0," 15,531 ","7,643","7,888","15,531","7,643","7,888",0,0,0,60.90%,40.19%,80.97%,60.90%,40.19%,80.97%,0.00%,0.00%,0.00%,421,301,525,353,245,474,1,1,1,2,1,3,2,1,3,1,1,1,38.36,56.9,21.01,38.36,56.9,21.01,-,-,-,"9,459",94
Spinwam ,North Waziristan,,KPK,"13,279","5,232","8,044","13,279","5,232","8,044",0,0,0," 19,031 ","9,782","9,246","19,031","9,782","9,246",0,0,0,69.78%,53.49%,87.00%,69.78%,53.49%,87.00%,0.00%,0.00%,0.00%,505,434,555,454,365,514,1,1,1,4,4,4,4,4,4,1,1,1,23.47,40.5,6.88,23.47,40.5,6.88,-,-,-,"13,279",130
Jehangira ,Nowshera,,KPK,"35,028","13,247","21,780","30,191","11,250","18,940","4,837","1,997","2,840"," 132,910 ","66,778","66,131","107,509","54,138","53,370","25,401","12,640","12,761",26.35%,19.84%,32.93%,28.08%,20.78%,35.49%,19.04%,15.80%,22.26%,134,81,153,110,82,132,96,48,146,2,2,2,2,2,2,1,1,2,56.92,69.72,44,54.07,67.54,40.47,67.96,78.14,57.65,"35,028",322
Nowshera ,Nowshera,,KPK,"65,963","25,927","40,035","54,931","21,170","33,761","11,032","4,757","6,274"," 242,388 ","122,952","119,435","185,307","94,221","91,086","57,081","28,731","28,349",27.21%,21.09%,33.52%,29.64%,22.47%,37.06%,19.33%,16.56%,22.13%,144,102,161,122,101,145,100,55,143,3,3,3,3,3,3,2,2,1,56.76,67.68,44.94,52.07,63.23,40.46,70.1,79.53,58.74,"65,963",467
Pabbi ,Nowshera,,KPK,"39,223","15,327","23,895","35,530","13,813","21,717","3,693","1,514","2,178"," 157,186 ","79,405","77,779","140,612","71,083","69,528","16,574","8,322","8,251",24.95%,19.30%,30.72%,25.27%,19.43%,31.23%,22.28%,18.19%,26.40%,119,71,145,91,66,104,147,88,178,1,1,1,1,1,1,3,3,3,56.7,68.88,44.22,56.15,68.61,43.34,61.41,71.1,51.55,"39,223",352
Central Orakzai,Orakzai,,KPK,"18,643","6,231","12,412","18,643","6,231","12,412",0,0,0," 33,684 ","18,278","15,406","33,684","18,278","15,406",0,0,0,55.35%,34.09%,80.57%,55.35%,34.09%,80.57%,0.00%,0.00%,0.00%,369,246,522,307,202,469,1,1,1,3,3,3,3,3,3,1,1,1,34.79,55.2,13.03,34.79,55.2,13.03,-,-,-,"18,643",187
Ismailzai ,Orakzai,,KPK,"6,751","2,392","4,359","6,751","2,392","4,359",0,0,0," 13,700 ","7,422","6,278","13,700","7,422","6,278",0,0,0,49.28%,32.23%,69.43%,49.28%,32.23%,69.43%,0.00%,0.00%,0.00%,320,232,424,253,191,345,1,1,1,2,2,2,2,2,2,1,1,1,34.2,56.88,9.7,34.2,56.88,9.7,-,-,-,"6,751",62
Lower Orakzai,Orakzai,,KPK,"18,711","7,126","11,585","18,711","7,126","11,585",0,0,0," 45,587 ","24,156","21,431","45,587","24,156","21,431",0,0,0,41.04%,29.50%,54.06%,41.04%,29.50%,54.06%,0.00%,0.00%,0.00%,248,212,296,201,178,227,1,1,1,1,1,1,1,1,1,1,1,1,41.86,59.03,23.64,41.86,59.03,23.64,-,-,-,"18,711",188
Upper Orakzai,Orakzai,,KPK,"28,902","12,807","16,093","28,902","12,807","16,093",0,0,0," 44,045 ","24,340","19,703","44,045","24,340","19,703",0,0,0,65.62%,52.62%,81.68%,65.62%,52.62%,81.68%,0.00%,0.00%,0.00%,469,424,528,408,351,479,1,1,1,4,4,4,4,4,4,1,1,1,23.98,37.26,8.98,23.98,37.26,8.98,-,-,-,"28,902",271
Badhber Tehsil (Town-II),Peshawar,,KPK,"66,941","24,463","42,478","66,941","24,463","42,478",0,0,0," 148,123 ","75,104","73,019","148,123","75,104","73,019",0,0,0,45.19%,32.57%,58.17%,45.19%,32.57%,58.17%,0.00%,0.00%,0.00%,285,235,328,223,193,263,1,1,1,7,7,7,7,7,7,1,1,1,38.66,54.04,22.85,38.66,54.04,22.85,-,-,-,"66,941",470
Town-I,Peshawar,,KPK,"70,542","26,660","43,879","70,542","26,660","43,879",0,0,0," 203,504 ","102,585","100,916","203,504","102,585","100,916",0,0,0,34.66%,25.99%,43.48%,34.66%,25.99%,43.48%,0.00%,0.00%,0.00%,203,182,224,165,144,172,1,1,1,3,3,3,2,2,2,1,1,1,54.72,67.2,41.88,54.72,67.2,41.88,-,-,-,"70,542",481
Hassan Khel ,Peshawar,,KPK,"6,585","1,849","4,736","6,585","1,849","4,736",0,0,0," 22,199 ","10,947","11,252","22,199","10,947","11,252",0,0,0,29.66%,16.89%,42.09%,29.66%,16.89%,42.09%,0.00%,0.00%,0.00%,169,46,218,123,49,167,1,1,1,2,1,2,1,1,1,1,1,1,55.34,79.64,32.01,55.34,79.64,32.01,-,-,-,"6,585",58
Town-Ii,Peshawar,,KPK,"61,698","21,887","39,806","61,698","21,887","39,806",0,0,0," 165,677 ","82,806","82,866","165,677","82,806","82,866",0,0,0,37.24%,26.43%,48.04%,37.24%,26.43%,48.04%,0.00%,0.00%,0.00%,222,184,254,178,150,199,1,1,1,4,4,5,3,3,5,1,1,1,45.79,60.48,30.71,45.79,60.48,30.71,-,-,-,"61,698",452
Town-Iv,Peshawar,,KPK,"183,026","76,539","106,478","24,580","9,707","14,873","158,446","66,832","91,605"," 628,792 ","318,619","310,162","65,492","33,157","32,335","563,300","285,462","277,827",29.11%,24.02%,34.33%,37.53%,29.28%,46.00%,28.13%,23.41%,32.97%,163,150,169,179,174,188,219,177,230,1,2,1,4,5,3,7,7,7,60.88,69.93,51.2,52.08,63.71,39.72,61.82,70.59,52.43,"183,026",580
Town-Iii,Peshawar,,KPK,"63,285","22,597","40,687","63,285","22,597","40,687",0,0,0," 160,572 ","81,373","79,197","160,572","81,373","79,197",0,0,0,39.41%,27.77%,51.37%,39.41%,27.77%,51.37%,0.00%,0.00%,0.00%,235,198,275,188,161,216,1,1,1,6,5,6,6,4,6,1,1,1,45.45,59.96,30.33,45.45,59.96,30.33,-,-,-,"63,285",457
Shah Alam Tehsil (Town-i),Peshawar,,KPK,"67,851","26,147","41,703","67,851","26,147","41,703",0,0,0," 176,399 ","89,027","87,371","176,399","89,027","87,371",0,0,0,38.46%,29.37%,47.73%,38.46%,29.37%,47.73%,0.00%,0.00%,0.00%,225,210,253,181,175,197,1,1,1,5,6,4,5,6,4,1,1,1,44.96,55.93,33.47,44.96,55.93,33.47,-,-,-,"67,851",474
Alpuri ,Shangla,,KPK,"60,297","22,965","37,332","60,297","22,965","37,332",0,0,0," 128,866 ","68,263","60,602","128,866","68,263","60,602",0,0,0,46.79%,33.64%,61.60%,46.79%,33.64%,61.60%,0.00%,0.00%,0.00%,296,242,359,236,199,284,1,1,1,2,1,2,2,1,2,1,1,1,38.26,55.04,20.53,38.26,55.04,20.53,-,-,-,"60,297",449
Bisham ,Shangla,,KPK,"22,180","9,059","13,121","22,180","9,059","13,121",0,0,0," 43,178 ","22,734","20,444","43,178","22,734","20,444",0,0,0,51.37%,39.85%,64.18%,51.37%,39.85%,64.18%,0.00%,0.00%,0.00%,344,295,370,273,243,302,1,1,1,3,3,3,3,3,3,1,1,1,34.77,52.65,16.27,34.77,52.65,16.27,-,-,-,"22,180",216
Chakisar ,Shangla,,KPK,"28,437","12,614","15,823","28,437","12,614","15,823",0,0,0," 46,240 ","24,524","21,716","46,240","24,524","21,716",0,0,0,61.50%,51.44%,72.86%,61.50%,51.44%,72.86%,0.00%,0.00%,0.00%,430,410,454,358,339,384,1,1,1,4,4,4,4,4,4,1,1,1,26.08,39.33,12.72,26.08,39.33,12.72,-,-,-,"28,437",268
Martoong ,Shangla,,KPK,"25,332","11,910","13,421","25,332","11,910","13,421",0,0,0," 36,028 ","19,270","16,757","36,028","19,270","16,757",0,0,0,70.31%,61.81%,80.09%,70.31%,61.81%,80.09%,0.00%,0.00%,0.00%,508,496,518,459,443,464,1,1,1,5,5,5,5,5,5,1,1,1,24.01,35.62,11.77,24.01,35.62,11.77,-,-,-,"25,332",241
Puran ,Shangla,,KPK,"27,470","12,163","15,307","27,470","12,163","15,307",0,0,0," 59,516 ","31,919","27,597","59,516","31,919","27,597",0,0,0,46.16%,38.11%,55.47%,46.16%,38.11%,55.47%,0.00%,0.00%,0.00%,290,274,308,231,229,240,1,1,1,1,2,1,1,2,1,1,1,1,35.11,48.02,20.87,35.11,48.02,20.87,-,-,-,"27,470",256
Birmal ,South Waziristan,,KPK,"30,165","13,757","16,408","30,165","13,757","16,408",0,0,0," 42,154 ","21,341","20,813","42,154","21,341","20,813",0,0,0,71.56%,64.46%,78.84%,71.56%,64.46%,78.84%,0.00%,0.00%,0.00%,520,522,510,470,473,453,1,1,1,6,6,7,6,6,7,1,1,1,23.06,32.86,12.99,23.06,32.86,12.99,-,-,-,"30,165",279
Ladha ,South Waziristan,,KPK,"16,589","7,775","8,814","16,589","7,775","8,814",0,0,0," 35,515 ","18,705","16,809","35,515","18,705","16,809",0,0,0,46.71%,41.57%,52.44%,46.71%,41.57%,52.44%,0.00%,0.00%,0.00%,294,317,286,234,256,221,1,1,1,1,1,1,1,1,1,1,1,1,47.95,61.38,32.97,47.95,61.38,32.97,-,-,-,"16,589",167
Makin ,South Waziristan,,KPK,"13,329","6,986","6,342","13,329","6,986","6,342",0,0,0," 21,160 ","11,386","9,773","21,160","11,386","9,773",0,0,0,62.99%,61.36%,64.89%,62.99%,61.36%,64.89%,0.00%,0.00%,0.00%,446,490,376,377,440,310,1,1,1,4,5,3,4,5,3,1,1,1,48.71,59.47,36.07,48.71,59.47,36.07,-,-,-,"13,329",132
Sararogha ,South Waziristan,,KPK,"31,356","14,819","16,536","31,356","14,819","16,536",0,0,0," 49,277 ","25,628","23,648","49,277","25,628","23,648",0,0,0,63.63%,57.82%,69.93%,63.63%,57.82%,69.93%,0.00%,0.00%,0.00%,452,463,431,382,406,353,1,1,1,5,4,5,5,4,5,1,1,1,35.07,47.43,21.12,35.07,47.43,21.12,-,-,-,"31,356",293
Serwakai ,South Waziristan,,KPK,"10,616","4,522","6,093","10,616","4,522","6,093",0,0,0," 20,714 ","10,505","10,208","20,714","10,505","10,208",0,0,0,51.25%,43.05%,59.69%,51.25%,43.05%,59.69%,0.00%,0.00%,0.00%,342,331,339,268,269,275,1,1,1,2,2,2,2,2,2,1,1,1,37.67,52.26,22.2,37.67,52.26,22.2,-,-,-,"10,616",106
Shaktoi ,South Waziristan,,KPK,"11,429","5,443","5,986","11,429","5,443","5,986",0,0,0," 15,564 ","8,277","7,287","15,564","8,277","7,287",0,0,0,73.43%,65.76%,82.15%,73.43%,65.76%,82.15%,0.00%,0.00%,0.00%,534,526,531,487,481,483,1,1,1,8,7,8,8,7,8,1,1,1,32.93,44.83,20.04,32.93,44.83,20.04,-,-,-,"11,429",115
Tiarza ,South Waziristan,,KPK,"16,069","7,717","8,352","16,069","7,717","8,352",0,0,0," 22,409 ","11,690","10,719","22,409","11,690","10,719",0,0,0,71.71%,66.01%,77.92%,71.71%,66.01%,77.92%,0.00%,0.00%,0.00%,523,528,504,474,484,448,1,1,1,7,8,6,7,8,6,1,1,1,27.31,35.99,17.48,27.31,35.99,17.48,-,-,-,"16,069",161
Toi Khulla ,South Waziristan,,KPK,"29,721","15,231","14,490","29,721","15,231","14,490",0,0,0," 32,714 ","17,298","15,012","32,714","17,298","15,012",0,0,0,90.85%,88.05%,96.52%,90.85%,88.05%,96.52%,0.00%,0.00%,0.00%,590,589,590,553,552,552,1,1,1,9,9,9,9,9,9,1,1,1,7.81,10.64,4.69,7.81,10.64,4.69,-,-,-,"29,721",277
Wana ,South Waziristan,,KPK,"40,217","17,531","22,684","40,217","17,531","22,684",0,0,0," 64,493 ","31,798","32,693","64,493","31,798","32,693",0,0,0,62.36%,55.13%,69.38%,62.36%,55.13%,69.38%,0.00%,0.00%,0.00%,435,446,423,367,381,344,1,1,1,3,3,4,3,3,4,1,1,1,31.29,42.4,19.92,31.29,42.4,19.92,-,-,-,"40,217",360
Lahor ,Swabi,,KPK,"29,047","11,565","17,482","25,402","9,811","15,591","3,645","1,754","1,891"," 106,574 ","55,692","50,882","92,995","48,590","44,405","13,579","7,102","6,477",27.26%,20.77%,34.36%,27.32%,20.19%,35.11%,26.84%,24.70%,29.20%,146,96,171,104,75,130,205,200,199,4,4,4,4,4,4,3,4,3,54.16,67.26,40.64,53.8,67.18,39.94,56.47,67.82,45.1,"29,047",272
Razar ,Swabi,,KPK,"54,725","20,735","33,988","53,099","20,008","33,089","1,626",727,899," 209,817 ","109,313","100,499","201,851","105,157","96,689","7,966","4,156","3,810",26.08%,18.97%,33.82%,26.31%,19.03%,34.22%,20.41%,17.49%,23.60%,130,68,164,96,62,118,118,74,160,2,2,2,3,3,2,1,1,1,56.61,71.78,40.99,56.16,71.44,40.44,66.73,79.38,53.57,"54,725",428
Swabi ,Swabi,,KPK,"31,325","12,823","18,498","19,144","7,542","11,600","12,181","5,281","6,898"," 143,120 ","74,276","68,837","85,327","44,397","40,928","57,793","29,879","27,909",21.89%,17.26%,26.87%,22.44%,16.99%,28.34%,21.08%,17.67%,24.72%,85,50,118,72,50,91,134,77,169,1,1,1,1,1,1,2,2,2,63.23,75.56,51.35,62.32,75.93,49.3,64.59,75.01,54.43,"31,325",291
Topi ,Swabi,,KPK,"30,492","11,638","18,854","24,076","8,736","15,340","6,416","2,902","3,514"," 115,003 ","59,713","55,290","91,893","47,551","44,342","23,110","12,162","10,948",26.51%,19.49%,34.10%,26.20%,18.37%,34.59%,27.76%,23.86%,32.10%,135,74,168,95,57,123,216,187,223,3,3,3,2,2,3,4,3,4,59.83,74.18,45.41,59.8,75.05,44.66,59.94,70.72,48.57,"30,492",281
Babuzai ,Swat,,KPK,"62,163","25,761","36,399","35,340","14,193","21,147","26,823","11,568","15,252"," 226,423 ","118,619","107,797","111,220","58,431","52,789","115,203","60,188","55,008",27.45%,21.72%,33.77%,31.77%,24.29%,40.06%,23.28%,19.22%,27.73%,148,109,163,147,120,157,162,105,186,1,2,1,2,3,1,3,4,2,56.06,67.73,43.3,49,62.05,34.92,62.45,72.81,51,"62,163",453
Barikot ,Swat,,KPK,"21,410","8,130","13,280","10,762","3,971","6,791","10,648","4,159","6,489"," 71,895 ","36,996","34,899","33,782","17,508","16,274","38,113","19,488","18,625",29.78%,21.98%,38.05%,31.86%,22.68%,41.73%,27.94%,21.34%,34.84%,173,115,187,149,103,164,217,146,241,2,3,2,3,2,3,6,6,6,50.87,64.72,37.05,48.43,62.82,33.39,53.11,66.55,40.27,"21,410",210
Bahrain ,Swat,,KPK,"39,354","15,194","24,157","31,272","12,001","19,269","8,082","3,193","4,888"," 94,096 ","49,164","44,929","68,231","35,802","32,427","25,865","13,362","12,502",41.82%,30.90%,53.77%,45.83%,33.52%,59.42%,31.25%,23.90%,39.10%,257,220,294,227,197,274,245,189,269,7,7,7,7,7,7,7,7,7,39.26,54.65,22.96,33.58,49.28,16.71,53.27,68.22,37.99,"39,354",353
Charbagh ,Swat,,KPK,"16,551","5,886","10,665","16,551","5,886","10,665",0,0,0," 54,227 ","28,242","25,985","54,227","28,242","25,985",0,0,0,30.52%,20.84%,41.04%,30.52%,20.84%,41.04%,0.00%,0.00%,0.00%,180,97,210,133,83,160,1,1,1,3,1,4,1,1,2,1,1,1,50.01,65.79,33.15,50.01,65.79,33.15,-,-,-,"16,551",165
Kabal ,Swat,,KPK,"49,482","19,626","29,854","40,174","15,760","24,413","9,308","3,866","5,441"," 158,603 ","83,573","75,028","117,722","62,152","55,569","40,881","21,421","19,459",31.20%,23.48%,39.79%,34.13%,25.36%,43.93%,22.77%,18.05%,27.96%,186,137,203,163,133,177,151,86,189,4,4,3,4,4,4,2,2,3,49.26,62.76,35.38,44.84,59.3,30.44,60.36,71.02,48.54,"49,482",407
Khwaza khela ,Swat,,KPK,"36,872","13,983","22,883","32,324","12,041","20,278","4,548","1,942","2,605"," 105,986 ","55,517","50,461","87,664","45,685","41,974","18,322","9,832","8,487",34.79%,25.19%,45.35%,36.87%,26.36%,48.31%,24.82%,19.75%,30.69%,205,168,240,177,149,201,180,114,212,5,5,5,6,5,6,5,5,5,42.63,56.17,29.32,40.66,54.73,27.13,51.14,61.99,39.33,"36,872",336
Matta Kharirai,Swat,,KPK,"68,488","26,338","42,148","64,227","24,614","39,611","4,261","1,724","2,537"," 192,062 ","101,127","90,933","174,342","91,742","82,598","17,720","9,385","8,335",35.66%,26.04%,46.35%,36.84%,26.83%,47.96%,24.05%,18.37%,30.44%,211,183,247,176,154,198,170,91,209,6,6,6,5,6,5,4,3,4,42.54,57.33,27.84,41.08,55.87,26.44,56.36,70.95,41.35,"68,488",477
Jandola ,Tank,,KPK,"9,162","3,741","5,421","9,162","3,741","5,421",0,0,0," 15,621 ","7,911","7,710","15,621","7,911","7,710",0,0,0,58.65%,47.29%,70.31%,58.65%,47.29%,70.31%,0.00%,0.00%,0.00%,401,373,435,329,304,357,1,1,1,2,2,2,2,2,2,1,1,1,33.63,48.78,17.14,33.63,48.78,17.14,-,-,-,"9,162",92
Tank ,Tank,,KPK,"72,188","27,672","44,516","67,376","25,485","41,891","4,812","2,187","2,625"," 150,238 ","76,273","73,965","133,723","67,630","66,093","16,515","8,643","7,872",48.05%,36.28%,60.19%,50.38%,37.68%,63.38%,29.14%,25.30%,33.35%,306,259,344,259,223,296,223,206,233,1,1,1,1,1,1,2,2,2,41.43,57.77,23.83,38.04,55.05,19.91,64.87,76,52.09,"72,188",486
Daur Mera ,Torghar,,KPK,"9,751","3,505","6,246","9,751","3,505","6,246",0,0,0," 17,932 ","9,447","8,485","17,932","9,447","8,485",0,0,0,54.38%,37.10%,73.61%,54.38%,37.10%,73.61%,0.00%,0.00%,0.00%,363,267,459,300,221,393,1,1,1,2,2,2,2,2,2,1,1,1,25.92,41.86,9.1,25.92,41.86,9.1,-,-,-,"9,751",95
Judba ,Torghar,,KPK,"15,304","6,130","9,174","15,304","6,130","9,174",0,0,0," 22,442 ","11,862","10,580","22,442","11,862","10,580",0,0,0,68.19%,51.68%,86.71%,68.19%,51.68%,86.71%,0.00%,0.00%,0.00%,491,413,554,438,340,513,1,1,1,3,3,3,3,3,3,1,1,1,19.78,34.41,5.06,19.78,34.41,5.06,-,-,-,"15,304",154
Khander ,Torghar,,KPK,"13,023","4,292","8,731","13,023","4,292","8,731",0,0,0," 29,083 ","14,841","14,242","29,083","14,841","14,242",0,0,0,44.78%,28.92%,61.30%,44.78%,28.92%,61.30%,0.00%,0.00%,0.00%,281,207,354,219,173,281,1,1,1,1,1,1,1,1,1,1,1,1,38.66,57.44,19.38,38.66,57.44,19.38,-,-,-,"13,023",128
Mastuj ,Upper Chitral,,KPK,"4,613","2,022","2,591","4,613","2,022","2,591",0,0,0," 44,098 ","22,551","21,547","44,098","22,551","21,547",0,0,0,10.46%,8.97%,12.02%,10.46%,8.97%,12.02%,0.00%,0.00%,0.00%,5,5,13,6,6,15,1,1,1,1,1,1,1,1,1,1,1,1,73.83,84.87,62.11,73.83,84.87,62.11,-,-,-,"4,613",34
Dir ,Upper Dir,,KPK,"50,088","19,688","30,397","47,294","18,639","28,652","2,794","1,049","1,745"," 135,502 ","70,108","65,390","120,261","62,239","58,019","15,241","7,869","7,371",36.96%,28.08%,46.49%,39.33%,29.95%,49.38%,18.33%,13.33%,23.67%,219,200,248,186,179,209,85,24,161,3,3,3,3,3,3,4,4,4,48.26,63.5,33.58,46.25,61.97,31.27,61.92,73.53,49.96,"50,088",408
Larjam ,Upper Dir,,KPK,"11,232","4,262","6,970","11,232","4,262","6,970",0,0,0," 41,659 ","21,380","20,278","41,659","21,380","20,278",0,0,0,26.96%,19.93%,34.37%,26.96%,19.93%,34.37%,0.00%,0.00%,0.00%,141,83,172,102,71,119,1,1,1,1,1,1,1,1,1,1,1,1,52.59,67.25,38.01,52.59,67.25,38.01,-,-,-,"11,232",112
Shrengal ,Upper Dir,,KPK,"32,351","11,763","20,588","32,351","11,763","20,588",0,0,0," 73,306 ","37,698","35,608","73,306","37,698","35,608",0,0,0,44.13%,31.20%,57.82%,44.13%,31.20%,57.82%,0.00%,0.00%,0.00%,275,223,324,215,185,262,1,1,1,4,4,4,4,4,4,1,1,1,37.15,54.74,20.17,37.15,54.74,20.17,-,-,-,"32,351",299
Wari ,Upper Dir,,KPK,"43,732","17,160","26,571","43,732","17,160","26,571",0,0,0," 132,411 ","68,722","63,686","132,411","68,722","63,686",0,0,0,33.03%,24.97%,41.72%,33.03%,24.97%,41.72%,0.00%,0.00%,0.00%,197,165,215,157,130,163,1,1,1,2,2,2,2,2,2,1,1,1,48.56,64.96,33.84,48.56,64.96,33.84,-,-,-,"43,732",379
Dassu ,Upper Kohistan,,KPK,"39,593","19,227","20,366","39,593","19,227","20,366",0,0,0," 48,620 ","25,351","23,269","48,620","25,351","23,269",0,0,0,81.43%,75.84%,87.52%,81.43%,75.84%,87.52%,0.00%,0.00%,0.00%,567,565,559,529,525,518,1,1,1,3,3,3,3,3,3,1,1,1,15.11,21.32,8.52,15.11,21.32,8.52,-,-,-,"39,593",354
Harban Basha ,Upper Kohistan,,KPK,"11,729","3,812","7,916","11,729","3,812","7,916",0,0,0," 16,689 ","7,453","9,235","16,689","7,453","9,235",0,0,0,70.28%,51.15%,85.72%,70.28%,51.15%,85.72%,0.00%,0.00%,0.00%,507,406,552,458,336,511,1,1,1,2,2,2,2,2,2,1,1,1,25.49,43.58,10.06,25.49,43.58,10.06,-,-,-,"11,729",120
Kandia ,Upper Kohistan,,KPK,"47,115","24,812","22,302","47,115","24,812","22,302",0,0,0," 53,646 ","29,983","23,662","53,646","29,983","23,662",0,0,0,87.83%,82.75%,94.25%,87.83%,82.75%,94.25%,0.00%,0.00%,0.00%,584,582,588,547,545,550,1,1,1,4,4,4,4,4,4,1,1,1,13.71,18.35,8.5,13.71,18.35,8.5,-,-,-,"47,115",398
Seo ,Upper Kohistan,,KPK,"11,617","3,927","7,690","11,617","3,927","7,690",0,0,0," 19,727 ","9,391","10,335","19,727","9,391","10,335",0,0,0,58.89%,41.82%,74.41%,58.89%,41.82%,74.41%,0.00%,0.00%,0.00%,404,321,467,331,260,405,1,1,1,1,1,1,1,1,1,1,1,1,38.19,58.06,19.02,38.19,58.06,19.02,-,-,-,"11,617",119
Attock ,Attock,,Punjab ,"20,722","10,125","10,597",10966,5013,5953,9756,5112,4644,124781,62850,61930,57351,28742,28608,67430,34108,33322,16.61%,16.11%,17.11%,19.12%,17.44%,20.81%,14.47%,14.99%,13.94%,37,40,41,46,54,54,37,41,42,3,3,2,4,4,4,2,2,1,74.8,81.81,67.64,66.08,74.75,57.2,82.49,88.06,76.83,"20,722",202
Fateh Jang,Attock,,Punjab ,"18,191","8,750","9,441",12974,5807,7167,5217,2943,2274,95247,48036,47211,72584,"36,366","36,218","22,663","11,670","10,993",19.10%,18.22%,20.00%,17.87%,15.97%,19.79%,23.02%,25.22%,20.69%,54,59,64,41,43,47,157,205,126,4,5,4,3,3,3,5,6,5,66.94,76.7,56.97,65.12,75.4,54.6,73.63,81.55,65.64,"18,191",185
Hasan Abdal ,Attock,,Punjab ,"14,767","7,162","7,605",10310,4822,5488,4457,2340,2117,"70,083","35,431","34,652","50,798","25,626","25,172","19,285","9,805","9,480",21.07%,20.21%,21.95%,20.30%,18.82%,21.80%,23.11%,23.87%,22.33%,75,86,85,55,61,63,158,188,147,6,6,6,6,6,6,6,5,6,70.22,76.87,63.26,69.07,76.3,61.57,73.21,78.33,67.73,"14,767",147
Hazro ,Attock,,Punjab ,"19,808","9,178","10,630",16654,7628,9026,3154,1550,1604,"102,091","51,796","50,293","85,431","43,255","42,174","16,660","8,541","8,119",19.40%,17.72%,21.14%,19.49%,17.63%,21.40%,18.93%,18.15%,19.76%,60,53,74,49,55,58,92,87,111,5,4,5,5,5,5,3,3,3,66.45,76.4,56.26,65.96,75.91,55.78,68.92,78.87,58.71,"19,808",194
Jand,Attock,,Punjab ,"10,947","4,986","5,960",8962,4017,4944,1985,969,1016,"78,658","39,595","39,062","64,020","32,233","31,786","14,638","7,362",7276,13.92%,12.59%,15.26%,14.00%,12.46%,15.55%,13.56%,13.16%,13.96%,25,19,28,27,21,29,31,22,43,1,1,1,1,1,1,1,1,2,71.59,85.2,58.47,70.39,84.77,56.52,77.54,87.31,68.16,"10,947",109
Pindi Gheb,Attock,,Punjab ,"12,360","5,712","6,646",9130,4046,5084,3230,1666,1562,"74,445","37,139","37,304","58,696","29,127","29,569","15,749","8,012","7,735",16.60%,15.38%,17.82%,15.55%,13.89%,17.19%,20.51%,20.79%,20.19%,36,35,45,35,29,38,123,137,117,2,2,3,2,2,2,4,4,4,70.36,80.56,60.26,67.39,78.92,56.15,81.86,86.69,76.79,"12,360",125
Bahawalnagar,Bahawalnagar,,Punjab ,"99,947","51,204","48,736",84321,41943,42374,15626,9261,6362,"304,796","163,525","141,261","222,289","118,983","103,299","82,507","44,542","37,962",32.79%,31.31%,34.50%,37.93%,35.25%,41.02%,18.94%,20.79%,16.76%,196,225,173,180,207,158,93,136,71,4,3,4,4,4,4,1,1,1,53.51,61.49,44.83,45.86,55.24,35.68,71.1,75.81,65.96,"99,947",544
Chishtian,Bahawalnagar,,Punjab ,"74,969","39,877","35,081",61461,31961,29490,13508,7916,5591,255289,"136,457","118,819","187,202","99,847","87,345","68,087","36,610","31,474",29.37%,29.22%,29.52%,32.83%,32.01%,33.76%,19.84%,21.62%,17.76%,167,208,134,156,188,116,109,152,89,2,2,2,2,2,2,2,2,2,60.49,66.19,54.36,55.25,61.91,48.09,73.77,77.06,70.24,"74,969",492
Fort Abbas ,Bahawalnagar,,Punjab ,"48,264","26,197","22,065",38101,20056,18043,10163,6141,4022,"150,085","79,993","70,088","109,180","57,677","51,499","40,905","22,316","18,589",32.16%,32.75%,31.48%,34.90%,34.77%,35.04%,24.85%,27.52%,21.64%,193,236,149,166,205,129,181,232,138,3,4,3,3,3,3,4,4,4,61.36,66.89,55.33,57.54,63.74,50.83,71.89,75.54,67.88,"48,264",404
Haroonabad ,Bahawalnagar,,Punjab ,"46,118","25,049","21,067",32824,17265,15558,13294,7784,5509,"176,305","93,018","83,284","114,866","60,063","54,801","61,439","32,955","28,483",26.16%,26.93%,25.30%,28.58%,28.74%,28.39%,21.64%,23.62%,19.34%,131,187,109,113,170,92,139,183,104,1,1,1,1,1,1,3,3,3,66.28,71.13,61.12,62.61,68.28,56.58,73.11,76.42,69.58,"46,118",390
Minchinabad ,Bahawalnagar,,Punjab ,"75,583","38,074","37,508",65630,32316,33313,9953,5758,4195,"193,429","102,574","90,854","155,562","82,647","72,914","37,867","19,927","17,940",39.08%,37.12%,41.28%,42.19%,39.10%,45.69%,26.28%,28.90%,23.38%,234,268,211,208,235,187,197,253,157,5,5,5,5,5,5,5,5,5,44.05,52.2,35.16,40.27,49.08,30.64,58.95,64.59,52.87,"75,583",493
Ahmadpur East ,Bahawalpur,,Punjab ,"200,279","97,963","102,309",172141,83889,88250,28138,14074,14059,"411,139","210,104","201,024","307,886","157,378","150,503","103,253","52,726","50,521",48.71%,46.63%,50.89%,55.91%,53.30%,58.64%,27.25%,26.69%,27.83%,315,366,270,312,360,270,211,225,187,6,6,6,6,6,6,5,5,4,39.68,46.83,32.27,32.04,40.28,23.47,59.94,64.38,55.43,"200,279",583
Bahawalpur ,Bahawalpur,,Punjab ,"48,983","24,938","24,045",0,0,0,48983,24938,24045,"224,887","114,829","110,058",0,0,0,"224,887","114,829","110,058",21.78%,21.72%,21.85%,0.00%,0.00%,0.00%,21.78%,21.72%,21.85%,84,110,82,1,1,1,142,153,142,1,1,1,1,1,1,3,2,3,71.67,75.53,67.62,-,-,-,71.67,75.53,67.62,"48,983",406
Bahawalpur Saddar Tehsil,Bahawalpur,,Punjab ,"76,825","38,470","38,342",64453,32197,32248,12372,6273,6094,"198,677","101,341","97,312","158,970","80,841","78,115","39,707","20,500","19,197",38.67%,37.96%,39.40%,40.54%,39.83%,41.28%,31.16%,30.60%,31.74%,229,273,200,199,242,162,244,270,219,3,3,3,3,3,3,6,6,6,52.56,59.77,44.94,49.75,57.58,41.63,62.83,67.45,57.62,"76,825",496
Hasilpur ,Bahawalpur,,Punjab ,"43,225","21,260","21,961",31896,15526,16368,11329,5734,5593,"145,561","72,177","73,380","90,068","44,732","45,334","55,493","27,445","28,046",29.70%,29.46%,29.93%,35.41%,34.71%,36.11%,20.42%,20.89%,19.94%,170,211,139,170,204,139,119,140,113,2,2,2,2,2,2,1,1,1,59.64,65.16,54.10,55.24,61.65,48.8,66.52,70.66,62.38,"43,225",376
Khairpur Tamewali ,Bahawalpur,,Punjab ,"36,669","17,426","19,242",33086,15714,17372,3583,1712,1870,"85,679","43,121","42,556","72,444","36,532","35,911","13,235","6,589","6,645",42.80%,40.41%,45.22%,45.67%,43.01%,48.38%,27.07%,25.98%,28.14%,268,307,239,226,268,202,207,218,191,5,5,5,5,5,5,4,4,5,45.82,54.69,36.70,42.56,52.09,32.76,61.83,67.49,56.03,"36,669",333
Yazman ,Bahawalpur,,Punjab ,"81,783","40,341","41,440",78157,38506,39649,3626,1835,1791,"202,453","100,693","101,757","185,678","92,469","93,206","16,775","8,224","8,551",40.40%,40.06%,40.72%,42.09%,41.64%,42.54%,21.62%,22.31%,20.94%,244,299,208,205,257,169,138,161,131,4,4,4,4,4,4,2,3,2,53.55,58.41,48.52,51.57,56.66,46.28,73.24,76.21,70.33,"81,783",508
Bhakkar ,Bhakkar,,Punjab ,"60,782","29,586","31,194",53399,25036,28361,7383,4550,2833,"223,907","116,832","107,072","183,313","95,591","87,719","40,594","21,241","19,353",27.15%,25.32%,29.13%,29.13%,26.19%,32.33%,18.19%,21.42%,14.64%,143,171,130,118,147,108,82,148,50,1,3,1,1,3,1,3,3,2,58.56,67.54,49.03,54.4,64.2,44,74.93,80.7,68.81,"60,782",450
Darya Khan ,Bhakkar,,Punjab ,"34,942","16,630","18,310",30182,13707,16474,4760,2923,1836,"115,902","60,664","55,236","90,853","47,611","43,241","25,049","13,053","11,995",30.15%,27.41%,33.15%,33.22%,28.79%,38.10%,19.00%,22.39%,15.31%,177,192,156,159,171,149,95,162,55,4,4,2,4,4,3,4,4,3,51.09,62.18,39.31,46.57,58.8,33.57,66.36,73.61,58.7,"34,942",321
Kalur Kot ,Bhakkar,,Punjab ,"33,061","14,726","18,334",30458,13115,17342,2603,1611,992,"113,301","59,299","54,001","98,717","51,699","47,017","14,584","7,600","6,984",29.18%,24.83%,33.95%,30.85%,25.37%,36.88%,17.85%,21.20%,14.20%,164,163,165,137,134,142,76,144,46,2,2,3,2,1,2,2,2,1,55.43,69.18,40.98,52.48,67.27,36.94,73.77,80.97,66.17,"33,061",304
Mankera ,Bhakkar,,Punjab ,"25,567","10,967","14,600",23533,9870,13663,2034,1097,937,"84,828","44,284","40,543","73,394","38,135","35,258","11,434","6,149","5,285",30.14%,24.77%,36.01%,32.06%,25.88%,38.75%,17.79%,17.84%,17.73%,176,161,182,153,140,153,74,82,87,3,1,4,3,2,4,1,1,4,54.83,68.1,40.69,52.52,66.11,38.05,68.71,79.99,56.56,"25,567",245
Chakwal ,Chakwal,,Punjab ,"27,673","13,983","13,681",15683,7426,8257,11990,6557,5424,"183,871","94,535","89,326","121,291","62,462","58,828","62,580","32,073","30,498",15.05%,14.79%,15.32%,12.93%,11.89%,14.04%,19.16%,20.44%,17.78%,31,32,30,16,18,24,98,129,90,4,5,2,2,3,1,5,5,5,79.63,85.91,73.58,79.32,86.63,72.39,80.31,84.38,76.26,"27,673",258
Choa Saidan Shah ,Chakwal,,Punjab ,"5,504","2,513","2,991",3621,1580,2041,1883,933,950,"40,162","20,492","19,670","28,865","14,603","14,262","11,297","5,889","5,408",13.70%,12.26%,15.21%,12.54%,10.82%,14.31%,16.67%,15.84%,17.57%,20,17,27,15,13,25,60,50,84,1,1,1,1,1,2,4,3,4,79.28,86.21,72.08,79.96,86.64,73.08,77.18,84.93,68.9,"5,504",41
Kallar Kahar ,Chakwal,,Punjab ,"6,389","3,005","3,384",4577,2041,2536,1812,964,848,"46,071","24,069","22,002","33,862","17,674","16,188","12,209","6,395","5,814",13.87%,12.48%,15.38%,13.52%,11.55%,15.67%,14.84%,15.07%,14.59%,24,18,31,22,15,30,39,42,49,2,2,3,3,2,3,2,2,3,79.23,86.15,71.84,78.67,86.13,70.92,80.84,86.2,74.64,"6,389",57
Lawa ,Chakwal,,Punjab ,"5,314","2,310","3,004",4877,2066,2811,437,244,193,"33,829","17,795","16,034","29,310","15,299","14,011","4,519","2,496","2,023",15.71%,12.98%,18.74%,16.64%,13.50%,20.06%,9.67%,9.78%,9.54%,34,21,53,37,26,50,8,7,10,5,3,5,5,5,5,1,1,1,71.37,85.9,56.75,70.25,85.09,55.37,78.4,90.86,65.56,"5,314",38
Tala Gang ,Chakwal,,Punjab ,"15,907","7,417","8,490",12813,5584,7229,3094,1833,1261,"107,884","55,415","52,469","88,231","45,114","43,117","19,653","10,301","9,352",14.74%,13.38%,16.18%,14.52%,12.38%,16.77%,15.74%,17.79%,13.48%,27,23,34,32,20,36,48,81,36,3,4,4,4,4,4,3,4,2,75.63,86.48,64.91,74.17,86.15,62.37,82.59,88.01,77.15,"15,907",160
Bhawana ,Chiniot,,Punjab ,"37,717","15,757","21,958",34785,14332,20451,2932,1425,1507,"126,286","63,967","62,317","114,139","57,955","56,182","12,147","6,012","6,135",29.87%,24.63%,35.24%,30.48%,24.73%,36.40%,24.14%,23.70%,24.56%,174,158,177,132,126,140,171,185,168,3,2,3,2,1,2,2,2,3,48.94,61.48,36.07,48.13,61.15,34.76,56.68,64.64,48.68,"37,717",340
Chiniot ,Chiniot,,Punjab ,"53,691","24,966","28,722",30176,12769,17406,23515,12197,11316,"185,555","94,039","91,512","91,963","46,840","45,122","93,592","47,199","46,390",28.94%,26.55%,31.39%,32.81%,27.26%,38.58%,25.13%,25.84%,24.39%,161,186,147,155,157,152,184,215,167,2,3,2,3,3,3,3,3,2,57.31,65.35,48.92,47.16,59.18,34.66,67.03,71.24,62.64,"53,691",423
Lalian ,Chiniot,,Punjab ,"37,422","16,606","20,815",31532,13572,17959,5890,3034,2856,"140,505",70485,"70,018","105,377","53,195","52,181","35,128","17,290","17,837",26.63%,23.56%,29.73%,29.92%,25.51%,34.42%,16.77%,17.55%,16.01%,138,139,137,125,136,120,62,75,63,1,1,1,1,2,1,1,1,1,57.26,66.4,48.04,49.66,60.96,38.13,76.66,80.55,72.88,"37,422",339
Dera Ghazi Khan,Dera Ghazi Khan,,Punjab ,"216,301","99,623","116,674",176706,80571,96131,39595,19052,20543,"462,285","235,569","226,711","309,464","157,624","151,836","152,821","77,945","74,875",46.79%,42.29%,51.46%,57.10%,51.12%,63.31%,25.91%,24.44%,27.44%,295,325,277,317,335,295,192,197,185,2,2,2,3,4,3,3,3,3,47.25,54.65,39.77,34.64,43.75,25.61,66.9,71.28,62.36,"216,301",586
Koh e suleman,Dera Ghazi Khan,,Punjab ,"47,135","20,186","26,948",47135,20186,26948,0,0,0,"82,416","42,346","40,069","82,416","42,346","40,069",0,0,0,57.19%,47.67%,67.25%,57.19%,47.67%,67.25%,0.00%,0.00%,0.00%,388,375,403,318,308,328,1,1,1,4,4,4,4,2,4,1,1,1,36.04,51.53,19.45,36.04,51.53,19.45,-,-,-,"47,135",399
Kot Chatta,Dera Ghazi Khan,,Punjab ,"158,666","70,739","87,925",143036,64061,78973,15630,6678,8952,"297,592","150,764","146,826","258,386",131237,127147,39206,"19,527","19,679",53.32%,46.92%,59.88%,55.36%,48.81%,62.11%,39.87%,34.20%,45.49%,356,368,340,308,317,287,303,300,311,3,3,3,2,3,2,4,4,4,38.61,48.39,28.92,37.76,47.72,27.81,43.89,52.68,35.57,"158,666",575
Taunsa,Dera Ghazi Khan,,Punjab ,"92,863","41,680","51,182",83264,37191,46073,9599,4489,5109,"256,526","129,440","127,085","208,018","105,012","103,006","48,508","24,428","24,079",36.20%,32.20%,40.27%,40.03%,35.42%,44.73%,19.79%,18.38%,21.22%,214,230,207,197,208,183,108,92,132,1,1,1,1,1,1,2,2,2,57.96,68.38,46.94,53.67,64.84,41.86,74.33,81.86,66.34,"92,863",533
Chak Jhumra,Faisalabad,,Punjab ,"19,954","10,152","9,798",17856,9082,8770,2098,1070,1028,"99,638","51,565","48,069","84,392","43,818","40,570","15,246","7,747","7,499",20.03%,19.69%,20.38%,21.16%,20.73%,21.62%,13.76%,13.81%,13.71%,64,80,67,64,81,61,33,28,38,3,3,4,4,4,4,1,1,1,70.56,76.02,64.41,68.92,74.99,62,79.35,81.69,76.88,"19,954",195
Faisalabad City,Faisalabad,,Punjab ,"161,424","83,219","78,188",0,0,0,161424,83219,78188,"940,662","489,266","451,368",0,0,0,940662,489266,"451,368",17.16%,17.01%,17.32%,0.00%,0.00%,0.00%,17.16%,17.01%,17.32%,40,48,43,1,1,1,68,67,80,1,1,2,1,1,1,4,4,4,81.59,83.39,79.61,-,-,-,81.59,83.39,79.61,"161,424",576
Faisalabad Sadar,Faisalabad,,Punjab ,"94,382","50,698","43,683",89411,48257,41153,4971,2441,2530,"470,706","246,257","224,446","445,191","233,252","211,936","25,515","13,005","12,510",20.05%,20.59%,19.46%,20.08%,20.69%,19.42%,19.48%,18.77%,20.22%,66,92,60,52,80,45,103,95,118,4,4,3,3,3,3,6,5,6,71.25,75.09,67.05,71.15,75.05,66.89,72.93,75.87,69.83,"94,382",535
Jaranwala ,Faisalabad,,Punjab ,"102,416","51,896","50,513",90846,45970,44869,11570,5926,5644,"474,803","245,167","229,626","404,463","208,802","195,651","70,340","36,365","33,975",21.57%,21.17%,22.00%,22.46%,22.02%,22.93%,16.45%,16.30%,16.61%,80,104,86,73,96,67,57,53,68,5,5,5,5,5,5,3,3,3,66.32,72.08,59.97,63.77,69.99,56.94,79.81,83.06,76.17,"102,416",546
Summundri,Faisalabad,,Punjab ,"33,229","17,800","15,428",25209,13648,11560,8020,4152,3868,"193,114","99,641","93,471","143,372","74,047","69,323","49,742","25,594","24,148",17.21%,17.86%,16.51%,17.58%,18.43%,16.68%,16.12%,16.22%,16.02%,41,54,37,39,58,35,54,52,64,2,2,1,2,2,2,2,2,2,75.99,79.77,72.01,75.07,79.19,70.7,78.65,81.46,75.74,"33,229",305
Tandlian Wala ,Faisalabad,,Punjab ,"67,693","33,116","34,573",63139,30617,32518,4554,2499,2055,"230,927","121,092","109,830","206,015","107,969","98,041","24,912","13,123","11,789",29.31%,27.35%,31.48%,30.65%,28.36%,33.17%,18.28%,19.04%,17.43%,166,191,148,136,168,113,84,102,83,6,6,6,6,6,6,5,6,5,52.83,62.54,42.29,49.72,60.17,38.37,76.31,80.51,71.79,"67,693",472
Gujranwala ,Gujranwala ,,Punjab ,"138,687","77,152","61,523",0,0,0,138687,77152,61523,"670,914","340,418","330,480",0,0,0,"670,914","340,418","330,480",20.67%,22.66%,18.62%,0.00%,0.00%,0.00%,20.67%,22.66%,18.62%,72,122,52,1,1,1,127,165,96,4,3,4,1,1,1,3,3,3,79.39,79.88,78.88,-,-,-,79.39,79.88,78.88,"138,687",569
Gujranwala Saddar Tehsil,Gujranwala ,,Punjab ,"65,060","35,840","29,216",45406,25195,20209,19654,10645,9007,"304,669","152,082","152,581","211,601","105,847","105,752","93,068","46,235","46,829",21.35%,23.57%,19.15%,21.46%,23.80%,19.11%,21.12%,23.02%,19.23%,79,140,56,66,113,43,136,169,102,5,5,5,5,5,5,5,4,5,75.71,77.14,74.24,73.28,74.87,71.65,81.06,82.19,79.9,"65,060",464
Kamoke,Gujranwala ,,Punjab ,"38,585","21,260","17,324",21748,12026,9721,16837,9234,7603,"187,660","93,242","94,416","107,406","53,460","53,945","80,254","39,782","40,471",20.56%,22.80%,18.35%,20.25%,22.50%,18.02%,20.98%,23.21%,18.79%,70,124,48,54,102,41,132,172,97,3,4,3,4,4,4,4,5,4,73.04,75.07,70.96,71.74,74.22,69.19,74.72,76.16,73.25,"38,585",349
Nowshera Virkan,Gujranwala ,,Punjab ,"34,152","19,215","14,935",31298,17554,13742,2854,1661,1193,"182,154","92,753","89,398","163,071","82,733","80,335","19,083","10,020","9,063",18.75%,20.72%,16.71%,19.19%,21.22%,17.11%,14.96%,16.58%,13.16%,51,94,38,47,86,37,41,57,34,2,2,2,3,3,3,1,1,1,71.36,74.63,68.00,70.55,73.91,67.1,78.98,81.36,76.51,"34,152",310
Wazirabad,Gujranwala ,,Punjab ,"45,483","25,704","19,764",30390,17063,13317,15093,8641,6447,"260,836","131,666","129,151","164,819","82,889","81,919","96,017","48,777","47,232",17.44%,19.52%,15.30%,18.44%,20.59%,16.26%,15.72%,17.72%,13.65%,43,76,29,44,79,32,47,78,37,1,1,1,2,2,2,2,2,2,77.39,79.18,75.62,75.11,77.38,72.86,81.26,82.21,80.31,"45,483",387
Gujrat,Gujrat,,Punjab ,"65,602","37,396","28,200",27669,15927,11739,37933,21469,16461,"442,676","221,215","221,451","204,673","102,146","102,523","238,003","119,069","118,928",14.82%,16.90%,12.73%,13.52%,15.59%,11.45%,15.94%,18.03%,13.84%,28,47,17,23,40,9,51,85,41,2,2,2,2,2,2,2,2,2,82.48,85.26,79.70,80.18,84.37,76.03,84.47,86.02,82.91,"65,602",465
Kharian,Gujrat,,Punjab ,"41,003","23,538","17,461",29502,16813,12687,11501,6725,4774,"297,756","147,888","149,864","220,480","109,282","111,196","77,276","38,606","38,668",13.77%,15.92%,11.65%,13.38%,15.38%,11.41%,14.88%,17.42%,12.35%,21,37,10,19,39,8,40,72,29,1,1,1,1,1,1,1,1,1,79.69,83.81,75.58,78.42,82.65,74.43,83.09,86.61,79.01,"41,003",364
Sarai Alamgir ,Gujrat,,Punjab ,"11,599","6,693","4,906",7614,4470,3144,3985,2223,1762,"73,906","36,967","36,939","54,973","27,580","27,393","18,933","9,387","9,546",15.69%,18.11%,13.28%,13.85%,16.21%,11.48%,21.05%,23.68%,18.46%,33,55,19,25,45,10,133,184,94,3,3,3,3,3,3,3,3,3,81.55,86.09,77.05,80.24,85.38,75.12,85.51,88.26,82.81,"11,599",118
Hafizabad ,Hafizabad ,,Punjab ,38814,21173,17639,22452,12023,10428,16362,9150,7211,"203,289","101,292","101,993","111,375","55,265","56,108","91,914","46,027","45,885",19.09%,20.90%,17.29%,20.16%,21.76%,18.59%,17.80%,19.88%,15.72%,53,100,42,53,92,42,75,117,60,1,1,1,1,1,1,1,1,1,70.89,74.41,67.25,66.79,71.12,62.34,75.88,78.4,73.26,"38,814",351
Pindi Bhattian ,Hafizabad ,,Punjab ,39953,20769,19183,29175,14870,14304,10778,5899,4879,"159,348","80,520","78,827","113,447","57,585","55,861","45,901","22,935","22,966",25.07%,25.79%,24.34%,25.72%,25.82%,25.61%,23.48%,25.72%,21.24%,120,178,104,92,138,81,166,213,133,2,2,2,2,2,2,2,2,2,58.7,65.62,51.45,55.11,62.73,47.08,67.38,72.66,61.91,"39,953",358
Athara Hazari,Jhang ,,Punjab ,26139,11995,14143,24308,10973,13334,1831,1022,809,"98,461","51,274","47,186","89,507","46,527","42,979","8,954","4,747","4,207",26.55%,23.39%,29.97%,27.16%,23.58%,31.02%,20.45%,21.53%,19.23%,137,135,141,103,111,102,120,149,101,3,2,3,1,1,2,4,4,4,58.05,70.38,44.99,58.03,70.61,44.74,58.22,68.08,47.55,"26,139",248
Ahmadpur Sial ,Jhang ,,Punjab ,38488,18275,20212,34447,16180,18266,4041,2095,1946,"148,833","78,140","70,691","125,154","65,757","59,395","23,679","12,383","11,296",25.86%,23.39%,28.59%,27.52%,24.61%,30.75%,17.07%,16.92%,17.23%,127,134,126,106,124,99,67,65,79,1,1,1,2,2,1,3,3,3,56.87,67.97,45.01,54.76,66.47,42.23,67.18,75.42,58.55,"38,488",347
Jhang ,Jhang ,,Punjab ,124456,59354,65095,95504,44363,51139,28952,14991,13956,"472,391","247,082","225,300","300,589","157,410","143,175","171,802","89,672","82,125",26.35%,24.02%,28.89%,31.77%,28.18%,35.72%,16.85%,16.72%,16.99%,133,149,128,146,166,134,64,59,77,2,3,2,3,3,3,2,2,2,60.96,69.53,51.76,51.74,62.47,40.21,75.22,80.49,69.6,"124,456",563
Shorkot ,Jhang ,,Punjab ,56680,26648,30032,53529,25058,28471,3151,1590,1561,"180,605","94,558","86,045","161,703","84,958","76,743","18,902","9,600","9,302",31.38%,28.18%,34.90%,33.10%,29.49%,37.10%,16.67%,16.56%,16.78%,188,202,175,158,177,146,61,56,72,4,4,4,4,4,4,1,1,1,58.12,68.04,47.53,55.61,66.13,44.33,77.01,82.69,71.22,"56,680",435
Dina ,Jhelum ,,Punjab ,6997,3730,3267,4253,2223,2030,2744,1507,1237,"64,478","33,677","30,801","39,696","20,645","19,051","24,782","13,032","11,750",10.85%,11.08%,10.61%,10.71%,10.77%,10.66%,11.07%,11.56%,10.53%,6,10,6,7,12,5,13,12,19,1,2,1,1,2,1,3,3,3,84.75,89.52,79.63,84.42,89.97,78.55,85.34,88.75,81.57,"6,997",68
Jhelum ,Jhelum ,,Punjab ,15786,8452,7334,6348,3254,3094,9438,5198,4240,"122,191","63,187","59,004","47,424","24,454","22,970","74,767","38,733","36,034",12.92%,13.38%,12.43%,13.39%,13.31%,13.47%,12.62%,13.42%,11.77%,16,22,14,20,25,21,24,26,24,3,3,3,3,3,3,4,4,4,83.45,87.32,79.41,80.63,86.64,74.45,85.22,87.74,82.58,"15,786",158
Pind Dadan Khan ,Jhelum ,,Punjab ,13320,6229,7091,11893,5440,6453,1427,789,638,"88,811","45,626","43,185",73766,37870,35896,"15,045","7,756","7,289",15.00%,13.65%,16.42%,16.12%,14.36%,17.98%,9.48%,10.17%,8.75%,30,25,36,36,33,40,7,8,7,4,4,4,4,4,4,1,1,1,73.98,82.18,65.57,72.37,81.1,63.44,81.55,87.18,75.67,"13,320",131
Sohawa ,Jhelum ,,Punjab ,6014,2924,3090,4438,2060,2378,1576,864,712,"54,422","28,221","26,199","39,639","20,602","19,035","14,783","7,619","7,164",11.05%,10.36%,11.79%,11.20%,10.00%,12.49%,10.66%,11.34%,9.94%,7,7,11,8,9,16,12,11,16,2,1,2,2,1,2,2,2,2,80.41,88.38,72.49,79.9,88.36,71.43,81.83,88.42,75.38,"6,014",49
Chunian ,Kasur ,,Punjab ,65713,33643,32065,55170,27497,27670,10543,6146,4395,"288,696","145,754","142,935","228,828","115,364","113,460","59,868","30,390","29,475",22.76%,23.08%,22.43%,24.11%,23.83%,24.39%,17.61%,20.22%,14.91%,97,127,92,85,115,75,73,125,52,2,2,2,2,2,2,1,1,1,60.64,66.58,54.43,58.23,64.53,51.63,69.65,74.33,64.83,"65,713",466
Kasur ,Kasur ,,Punjab ,97678,50366,47305,60698,30006,30692,36980,20360,16613,"443,129","222,381","220,741","254,959","128,051","126,908","188,170","94,330","93,833",22.04%,22.65%,21.43%,23.81%,23.43%,24.18%,19.65%,21.58%,17.70%,87,121,77,83,109,74,106,150,86,1,1,1,1,1,1,2,2,3,63.63,68.19,58.82,60.96,66.79,54.76,66.89,69.92,63.75,"97,678",540
Kot Radha Kishen ,Kasur ,,Punjab ,33355,16915,16438,27412,13651,13760,5943,3264,2678,"122,936","61,661","61,272","95,708","47,893","47,813","27,228","13,768","13,459",27.13%,27.43%,26.83%,28.64%,28.50%,28.78%,21.83%,23.71%,19.90%,142,193,117,114,169,93,144,186,112,4,4,4,4,4,4,4,4,4,64.66,69.73,59.20,61.59,67.02,55.68,74.07,78.17,69.77,"33,355",306
Pattoki ,Kasur ,,Punjab ,77616,39606,37984,64911,32457,32442,12705,7149,5542,"308,897","155,330","153,539","245,780","123,737","122,030","63,117","31,593","31,509",25.13%,25.50%,24.74%,26.41%,26.23%,26.59%,20.13%,22.63%,17.59%,121,173,105,99,148,84,114,164,85,3,3,3,3,3,3,3,3,2,62.98,68.19,57.44,60.91,66.59,54.84,70.47,74.08,66.75,"77,616",498
Jahanian ,Khanewal ,,Punjab ,24529,12216,12310,22867,11348,11518,1662,868,792,"109,062","56,330","52,729","95,069","49,062","46,006","13,993","7,268","6,723",22.49%,21.69%,23.35%,24.05%,23.13%,25.04%,11.88%,11.94%,11.78%,94,107,95,84,106,78,20,13,25,1,1,1,1,1,1,1,1,1,65.65,73.34,57.73,63.06,71.31,54.53,82.26,86.42,78.04,"24,529",235
Kabirwala ,Khanewal ,,Punjab ,110210,52764,57430,99733,47660,52064,10477,5104,5366,"332,258","174,781","157,461","281,162","148,335","132,818","51,096","26,446","24,643",33.17%,30.19%,36.47%,35.47%,32.13%,39.20%,20.50%,19.30%,21.77%,198,216,185,172,189,154,122,107,140,4,4,4,4,4,4,4,4,4,54.13,63.66,43.81,50.53,60.65,39.51,72.05,78.95,64.85,"110,210",553
Khanewal ,Khanewal ,,Punjab ,72763,35832,36925,58568,28435,30127,14195,7397,6798,"282,023","147,067","134,949","196,529","102,844","93,679","85,494","44,223","41,270",25.80%,24.36%,27.36%,29.80%,27.65%,32.16%,16.60%,16.73%,16.47%,125,155,122,124,159,107,58,60,67,3,3,3,3,3,3,3,2,3,63.6,71.07,55.61,56.71,65.8,46.93,78.05,82.13,73.71,"72,763",487
Mian Channu ,Khanewal ,,Punjab ,62517,31284,31232,55212,27108,28103,7305,4176,3129,"247,975","129,050","118,922","200,459","104,340","96,116","47,516","24,710","22,806",25.21%,24.24%,26.26%,27.54%,25.98%,29.24%,15.37%,16.90%,13.72%,122,153,116,107,143,94,45,64,39,2,2,2,2,2,2,2,3,2,64.39,72.49,56.04,60.06,69.37,50.44,80.8,84.35,77.19,"62,517",454
Khushab ,Khushab ,,Punjab ,40658,20167,20490,25566,11590,13975,15092,8577,6515,"202,861","105,948","96,912","114,385","59,444","54,940","88,476","46,504","41,972",20.04%,19.03%,21.14%,22.35%,19.50%,25.44%,17.06%,18.44%,15.52%,65,69,75,71,67,80,66,94,58,2,3,2,2,3,2,2,2,2,65.94,76.68,54.74,60.86,74.04,47.06,72.61,80.16,64.78,"40,658",362
Noorpur ,Khushab ,,Punjab ,17063,6901,10162,16354,6551,9803,709,350,359,"70,553","36,824","33,729","65,388","34,153","31,235","5,165","2,671","2,494",24.18%,18.74%,30.13%,25.01%,19.18%,31.38%,13.73%,13.10%,14.39%,111,66,142,89,64,105,32,21,48,3,2,3,3,2,3,1,1,1,55.58,73.41,37.51,54.1,72.3,35.67,73.22,86.64,59.55,"17,063",173
Naushera ,Khushab ,,Punjab ,6097,2853,3243,5234,2368,2865,863,485,378,"33,818","17,500","16,317","29,231","15,145","14,085","4,587","2,355","2,232",18.03%,16.30%,19.87%,17.91%,15.64%,20.34%,18.81%,20.59%,16.94%,47,41,63,42,41,52,91,132,76,1,1,1,1,1,1,3,3,3,70.43,82.89,58.31,69.78,82.8,57.02,74.55,83.44,66.32,"6,097",50
Quaidabad ,Khushab ,,Punjab ,20991,9307,11684,19279,8197,11082,1712,1110,602,"74,001","39,108","34,892","66,839","35,012","31,826","7,162","4,096","3,066",28.37%,23.80%,33.49%,28.84%,23.41%,34.82%,23.90%,27.10%,19.63%,155,143,160,115,108,126,169,228,109,4,4,4,4,4,4,4,4,4,55.11,70.86,38.52,53.45,69.93,36.21,72.16,79.98,63.29,"20,991",205
Lahore Cantt ,Lahore ,,Punjab ,107713,58132,49568,0,0,0,107713,58132,49568,"470,046","246,521","223,508",0,0,0,"470,046","246,521","223,508",22.92%,23.58%,22.18%,0.00%,0.00%,0.00%,22.92%,23.58%,22.18%,100,141,88,1,1,1,156,182,145,4,4,4,1,1,1,4,4,4,81.01,83.12,78.57,-,-,-,81.01,83.12,78.57,"107,713",552
Lahore City ,Lahore ,,Punjab ,227645,126417,101112,0,0,0,227645,126417,101112,"1,049,980","554,986","494,868",0,0,0,"1,049,980","554,986","494,868",21.68%,22.78%,20.43%,0.00%,0.00%,0.00%,21.68%,22.78%,20.43%,83,123,68,1,1,1,140,166,122,2,2,2,1,1,1,2,2,2,80.36,81.64,78.92,-,-,-,80.36,81.64,78.92,"227,645",588
Model Town ,Lahore ,,Punjab ,190654,99540,91099,0,0,0,190654,99540,91099,"834,364","423,347","410,987",0,0,0,"834,364","423,347","410,987",22.85%,23.51%,22.17%,0.00%,0.00%,0.00%,22.85%,23.51%,22.17%,98,138,87,1,1,1,152,181,144,3,3,3,1,1,1,3,3,3,78.94,81.06,76.60,-,-,-,78.94,81.06,76.6,"190,654",582
Raiwind ,Lahore ,,Punjab ,72162,39811,32340,0,0,0,72162,39811,32340,"298,051","159,992","138,042",0,0,0,"298,051","159,992","138,042",24.21%,24.88%,23.43%,0.00%,0.00%,0.00%,24.21%,24.88%,23.43%,112,164,97,1,1,1,172,201,158,5,5,5,1,1,1,5,5,5,72.35,75.66,68.45,-,-,-,72.35,75.66,68.45,"72,162",485
Shalimar ,Lahore ,,Punjab ,120025,66224,53794,0,0,0,120025,66224,53794,"695,327","363,648","331,668",0,0,0,"695,327","363,648","331,668",17.26%,18.21%,16.22%,0.00%,0.00%,0.00%,17.26%,18.21%,16.22%,42,58,35,1,1,1,72,89,66,1,1,1,1,1,1,1,1,1,81.21,82.62,79.65,-,-,-,81.21,82.62,79.65,"120,025",558
Choubara ,Layyah ,,Punjab ,25438,11594,13842,21111,9060,12050,4327,2534,1792,86917,45166,41749,70262,36526,"33,735","16,655","8,640","8,014",29.27%,25.67%,33.16%,30.05%,24.80%,35.72%,25.98%,29.33%,22.36%,165,177,157,127,128,135,195,258,149,3,3,3,3,3,3,3,3,3,58.42,67.98,48.14,59.03,69.3,47.94,55.96,62.55,48.92,"25,438",243
Karor Lal Esan ,Layyah ,,Punjab ,46155,21109,25046,43121,19252,23869,3034,1857,1177,"198,922","102,429","96,493","174,152","89,688","84,464","24,770","12,741","12,029",23.20%,20.61%,25.96%,24.76%,21.47%,28.26%,12.25%,14.57%,9.78%,107,93,114,88,90,90,21,37,12,2,2,2,2,2,2,1,1,1,62.43,71.61,52.73,59.86,69.68,49.43,78.43,83.9,72.89,"46,155",391
Leiah ,Layyah ,,Punjab ,73614,34771,38843,65141,29492,35649,8473,5279,3194,"331,861","171,446","160,415","267,005","138,036","128,969","64,856","33,410","31,446",22.18%,20.28%,24.21%,24.40%,21.37%,27.64%,13.06%,15.80%,10.16%,91,87,101,86,88,87,28,49,17,1,1,1,1,1,1,2,2,2,62.34,71.24,52.92,57.77,67.77,47.16,78.18,83.34,72.76,"73,614",489
Dunyapur ,Lodhran ,,Punjab ,50741,25696,25045,47714,24063,23651,3027,1633,1394,"164,102","86,121","77,981","149,332","78,433","70,899","14,770","7,688","7,082",30.92%,29.84%,32.12%,31.95%,30.68%,33.36%,20.49%,21.24%,19.68%,184,213,150,151,183,115,121,145,110,1,1,1,1,1,1,2,2,2,55.66,64.52,46.34,54.29,63.51,44.57,68.95,74.37,63.33,"50,741",410
Kahror Pacca ,Lodhran ,,Punjab ,63459,32424,31034,53596,27136,26459,9863,5288,4575,"163,453","85,971","77,480","127,150","67,090","60,059","36,303","18,881","17,421",38.82%,37.72%,40.05%,42.15%,40.45%,44.06%,27.17%,28.01%,26.26%,231,271,206,207,250,178,208,238,177,2,2,2,2,2,2,3,3,3,49.81,59.15,39.74,45.77,55.8,34.88,62.85,70.05,55.22,"63,459",460
Lodhran ,Lodhran ,,Punjab ,100046,50695,49350,91731,46203,45528,8315,4492,3822,"251,161","131,811","119,349","208,283","109,597","98,686","42,878","22,214",20663,39.83%,38.46%,41.35%,44.04%,42.16%,46.13%,19.39%,20.22%,18.50%,240,280,212,214,264,189,101,124,95,3,3,3,3,3,3,1,1,1,50.1,58.87,40.68,45.37,54.71,35.31,70.75,77.12,63.99,"100,046",545
Malakwal ,Mandi Bahauddin ,,Punjab ,27684,14427,13257,25997,13432,12565,1687,995,692,"112,083","57,385","54,696","98,687","50,521","48,164","13,396","6,864","6,532",24.70%,25.14%,24.24%,26.34%,26.59%,26.09%,12.59%,14.50%,10.59%,118,166,102,97,152,82,22,35,20,3,3,3,3,3,3,1,1,1,66.28,72.31,60.26,64.04,70.43,57.64,82.48,86.21,78.92,"27,684",259
Mandi Bahauddin ,Mandi Bahauddin ,,Punjab ,46758,25176,21581,35637,19103,16533,11121,6073,5048,"203,833","105,126","98,705","141,909","73,223","68,684","61,924","31,903","30,021",22.94%,23.95%,21.86%,25.11%,26.09%,24.07%,17.96%,19.04%,16.81%,101,144,83,90,145,73,80,101,74,2,2,2,2,2,2,3,3,3,72.69,76.31,69.13,68.99,73.12,64.95,81.18,83.47,78.87,"46,758",396
Phalia ,Mandi Bahauddin ,,Punjab ,35957,19190,16766,33167,17629,15537,2790,1561,1229,"169,998","88,128","81,867","153,017","79,199","73,815","16,981","8,929","8,052",21.15%,21.78%,20.48%,21.68%,22.26%,21.05%,16.43%,17.48%,15.26%,77,113,69,69,98,56,55,73,54,1,1,1,1,1,1,2,2,2,70.11,74.99,65.31,68.98,74.05,63.99,80.37,83.63,77.2,"35,957",327
Isakhel ,Mianwali ,,Punjab ,33842,12221,21621,28635,9914,18721,5207,2307,2900,"116,504","60,144","56,360","91,522","47,333","44,189","24,982","12,811","12,171",29.05%,20.32%,38.36%,31.29%,20.95%,42.37%,20.84%,18.01%,23.83%,162,89,194,140,84,168,129,84,162,3,2,3,3,2,3,2,2,2,55.02,72.04,38.41,52.23,70.68,34.16,64.18,76.54,52.26,"33,842",308
Mianwali ,Mianwali ,,Punjab ,57255,23700,33552,51300,20731,30566,5955,2969,2986,"234,137","121,783","112,351","194,718","101,504","93,211","39,419","20,279","19,140",24.45%,19.46%,29.86%,26.35%,20.42%,32.79%,15.11%,14.64%,15.60%,115,73,138,98,77,111,43,40,59,1,1,1,1,1,1,1,1,1,66.09,80.78,50.70,63.46,79.34,46.92,77.79,87.1,67.79,"57,255",438
Piplan ,Mianwali ,,Punjab ,37149,16563,20584,30341,12869,17471,6808,3694,3113,"131,025","68,789","62,233","103,368","54,032","49,334","27,657","14,757","12,899",28.35%,24.08%,33.08%,29.35%,23.82%,35.41%,24.62%,25.03%,24.13%,154,151,155,121,114,131,177,202,164,2,3,2,2,3,2,3,3,3,63.46,76.04,50.05,61.34,74.92,46.86,70.54,79.76,60.69,"37,149",338
Jalalpur Pirwala ,Multan ,,Punjab ,92427,41171,51254,85077,37713,47362,7350,3458,3892,"192,772","96,969","95,801","165,820","83,316","82,502","26,952","13,653","13,299",47.95%,42.46%,53.50%,51.31%,45.27%,57.41%,27.27%,25.33%,29.27%,305,328,291,270,291,255,212,207,200,4,4,4,4,4,4,4,4,4,38.5,48.39,28.60,34.8,45.39,24.19,58.92,64.93,52.92,"92,427",531
Multan City ,Multan ,,Punjab ,153731,76097,77619,36801,17846,18954,116930,58251,58665,"683,939","345,717","338,205","109,848","55,402","54,445","574,091","290,315","283,760",22.48%,22.01%,22.95%,33.50%,32.21%,34.81%,20.37%,20.06%,20.67%,93,116,94,160,190,125,117,120,125,1,1,1,1,1,1,2,2,2,73.65,76.73,70.38,61.87,66.07,57.36,75.69,78.6,72.63,"153,731",573
Multan Saddar ,Multan ,,Punjab ,154691,71788,82898,151424,70302,81117,3267,1486,1781,"438,669","221,985","216,677","418,030","211,590","206,433","20,639","10,395","10,244",35.26%,32.34%,38.26%,36.22%,33.23%,39.29%,15.83%,14.30%,17.39%,208,233,191,175,195,155,50,33,81,2,2,3,2,2,2,1,1,1,52.01,59.93,43.74,50.73,58.79,42.33,74.1,79.7,68.26,"154,691",574
Shujabad ,Multan ,,Punjab ,74527,35109,39416,64992,30328,34662,9535,4781,4754,"207,650","104,576","103,071","163,691","82,429","81,259","43,959","22,147","21,812",35.89%,33.57%,38.24%,39.70%,36.79%,42.66%,21.69%,21.59%,21.80%,212,239,190,191,218,170,141,151,141,3,3,2,3,3,3,3,3,3,53.87,62,45.47,50,59.08,40.64,66.96,71.86,61.89,"74,527",491
Alipur ,Muzaffargarh ,,Punjab ,122050,56205,65844,104922,47622,57299,17128,8583,8545,"239,247","122,317","116,928","185,394","94,428","90,965","53,853","27,889","25,963",51.01%,45.95%,56.31%,56.59%,50.43%,62.99%,31.81%,30.78%,32.91%,339,360,312,314,331,291,248,271,228,5,5,5,5,5,5,4,4,4,39.15,47.23,30.69,32.65,41.17,23.74,58.97,65.7,51.93,"122,050",560
Chowk Sarwar Shaheed ,Muzaffargarh ,,Punjab ,48922,20738,28184,45409,19104,26305,3513,1634,1879,"134,100","66,001","68,098","115,381","56,918","58,462","18,719",9083,9636,36.48%,31.42%,41.39%,39.36%,33.56%,45.00%,18.77%,17.99%,19.50%,216,226,213,187,198,184,90,83,107,2,1,2,2,1,2,1,1,2,55.5,65.25,45.63,52.27,62.92,41.43,72.45,77.6,67.33,"48,922",405
Jatoi ,Muzaffargarh ,,Punjab ,141197,66074,75113,114810,53559,61247,26387,12515,13866,285249,145149,"140,089","216,687","110,704","105,978","68,562","34,445","34,111",49.50%,45.52%,53.62%,52.98%,48.38%,57.79%,38.49%,36.33%,40.65%,322,354,293,285,312,261,296,310,281,4,4,4,4,4,4,5,5,5,40.67,48.85,32.19,38.61,47.06,29.8,46.62,54.05,39.03,"141,197",571
Kot Addu ,Muzaffargarh ,,Punjab ,122054,56026,66027,109887,50021,59865,12167,6005,6162,"343,273","170,959","172,313","279,550","139,653","139,896","63,723","31,306","32,417",35.56%,32.77%,38.32%,39.31%,35.82%,42.79%,19.09%,19.18%,19.01%,209,237,192,185,210,171,97,104,99,1,2,1,1,2,1,2,2,1,58.19,66.6,49.58,53.83,62.92,44.47,74.11,80.29,67.95,"122,054",561
Muzaffargarh ,Muzaffargarh ,,Punjab ,276410,131152,145253,259087,122109,136973,17323,9043,8280,"610,831","312,429","298,394","535,210","273,663","261,539","75,621","38,766","36,855",45.25%,41.98%,48.68%,48.41%,44.62%,52.37%,22.91%,23.33%,22.47%,286,323,256,244,283,220,155,175,150,3,3,3,3,3,3,3,3,3,46.84,54.07,39.23,42.83,50.5,34.77,69.86,74.42,65.03,"276,410",589
Nankana Sahib ,Nankana Sahib ,,Punjab ,76681,37549,39130,71848,34998,36849,4833,2551,2281,"313,101","159,032","154,066","275,478","139,994","135,482","37,623","19,038","18,584",24.49%,23.61%,25.40%,26.08%,25.00%,27.20%,12.85%,13.40%,12.27%,116,142,111,94,131,86,26,25,28,3,3,3,3,3,3,1,1,1,59.02,65.42,52.22,56.1,62.87,48.88,78.74,83,74.37,"76,681",495
Sangla Hill ,Nankana Sahib ,,Punjab ,13902,6983,6919,8281,4233,4048,5621,2750,2871,"71,892","35,493","36,399","44,554","22,006","22,548","27,338","13,487","13,851",19.34%,19.67%,19.01%,18.59%,19.24%,17.95%,20.56%,20.39%,20.73%,59,79,54,45,65,39,125,127,128,1,1,1,1,1,1,2,2,2,72.08,75.26,68.91,69.62,73.01,66.22,76.04,78.91,73.21,"13,902",140
Shah Kot ,Nankana Sahib ,,Punjab ,17856,8869,8987,11511,5850,5661,6345,3019,3326,"80,276","39,885","40,390","55,815","27,586","28,228","24,461","12,299",12162,22.24%,22.24%,22.25%,20.62%,21.21%,20.05%,25.94%,24.55%,27.35%,92,117,90,60,85,49,193,198,184,2,2,2,2,2,2,3,3,3,69.28,72.74,65.76,68.38,71.94,64.74,71.37,74.59,68.11,"17,856",181
Narowal ,Narowal ,,Punjab ,27782,15768,12014,21212,12105,9107,6570,3663,2907,"191,596","98,667","92,928","145,448","74,906","70,541","46,148","23,761","22,387",14.50%,15.98%,12.93%,14.58%,16.16%,12.91%,14.24%,15.42%,12.99%,26,38,18,33,44,17,35,45,31,2,3,2,3,3,1,2,2,2,76.78,80.61,72.78,74.65,78.98,70.11,83.01,85.44,80.51,"27,782",260
Shakargarh ,Narowal ,,Punjab ,31670,16919,14751,25370,13612,11758,6300,3307,2993,"212,742","108,872","103,867","177,900","90,886","87,013","34,842","17,986","16,854",14.89%,15.54%,14.20%,14.26%,14.98%,13.51%,18.08%,18.39%,17.76%,29,36,22,30,36,22,81,93,88,3,2,3,1,1,3,3,3,3,76.28,81.38,70.95,75.6,81,69.95,79.65,83.28,75.89,"31,670",296
Zafarwal ,Narowal ,,Punjab ,19582,10759,8821,18288,10032,8254,1294,727,567,"141,381","71,982","69,396","126,235","64,135","62,097","15,146","7,847","7,299",13.85%,14.95%,12.71%,14.49%,15.64%,13.29%,8.54%,9.26%,7.77%,23,33,16,31,42,20,4,5,5,1,1,1,2,2,2,1,1,1,71.72,76.59,66.69,70.4,75.41,65.2,82.91,86.66,79.14,"19,582",192
Depalpur ,Okara ,,Punjab ,134713,66158,68551,106079,51588,54489,28634,14570,14062,"465,776","235,088","230,683","332,760","168,151","164,606","133,016","66,937","66,077",28.92%,28.14%,29.72%,31.88%,30.68%,33.10%,21.53%,21.77%,21.28%,159,201,136,150,182,112,137,155,134,3,3,3,3,3,3,3,2,3,55.29,62.22,48.05,50.24,57.97,42.07,67.28,72.45,62.01,"134,713",567
Okara ,Okara ,,Punjab ,98317,48481,49831,64732,31025,33704,33585,17456,16127,"388,924","195,574","193,340","220,857","111,377","109,475","168,067","84,197","83,865",25.28%,24.79%,25.77%,29.31%,27.86%,30.79%,19.98%,20.73%,19.23%,123,162,112,120,162,100,112,135,100,2,2,2,2,2,2,2,1,2,63.34,69.01,57.40,53.39,61.32,45.12,75.11,78.07,72.02,"98,317",542
Renala Khurd ,Okara ,,Punjab ,31859,16526,15333,26614,13473,13141,5245,3053,2192,"144,642","73,152","71,490","117,680","59,234","58,446","26,962","13,918","13,044",22.03%,22.59%,21.45%,22.62%,22.75%,22.48%,19.45%,21.94%,16.80%,86,120,78,75,104,65,102,157,73,1,1,1,1,1,1,1,3,1,66.98,72.86,60.88,64.25,70.75,57.5,78.56,81.88,75.16,"31,859",297
Arif Wala ,Pakpattan ,,Punjab ,82310,39862,42445,68184,31740,36442,14126,8122,6003,"286,487","144,678","141,806","226,061","113,742","112,317","60,426","30,936","29,489",28.73%,27.55%,29.93%,30.16%,27.91%,32.45%,23.38%,26.25%,20.36%,157,194,140,129,163,110,163,219,121,1,2,1,1,1,1,2,2,2,58.24,65.54,50.67,54.8,63.13,46.2,70.84,74.26,67.23,"82,310",511
Pakpattan ,Pakpattan ,,Punjab ,93699,44710,48984,81361,37904,43456,12338,6806,5528,"325,897","164,743","161,148","254,034","128,804","125,228","71,863","35,939","35,920",28.75%,27.14%,30.40%,32.03%,29.43%,34.70%,17.17%,18.94%,15.39%,158,190,144,152,176,124,70,100,57,2,1,2,2,2,2,1,1,1,56.11,63.93,47.99,51.32,60.02,42.21,71.35,76.57,66.09,"93,699",534
Khanpur ,Rahim Yar Khan ,,Punjab ,143803,74200,69594,119123,61160,57959,24680,13040,11635,348349,"184,448","163,891","255,134","135,126","120,003","93,215","49,322","43,888",41.28%,40.23%,42.46%,46.69%,45.26%,48.30%,26.48%,26.44%,26.51%,250,302,220,233,290,200,201,220,179,1,2,1,1,1,1,3,3,3,50.08,57.02,42.66,44.39,52.12,36.11,64.38,69.33,59.11,"143,803",572
Liaqatpur ,Rahim Yar Khan ,,Punjab ,204083,104587,99489,194444,99698,94740,9639,4889,4749,"389,639","206,955","182,676","358,671","190,754","167,910","30,968","16,201","14,766",52.38%,50.54%,54.46%,54.21%,52.27%,56.42%,31.13%,30.18%,32.16%,347,400,302,297,348,247,243,265,224,4,4,4,3,3,3,4,4,4,38.35,45.83,30.27,36.11,43.75,27.84,61.59,67.48,55.35,"204,083",584
Rahim Yar Khan ,Rahim Yar Khan ,,Punjab ,225217,114617,110596,190709,96181,94527,34508,18436,16069,"538,667","285,198","253,464","370,424","196,181","174,241","168,243","89,017","79,223",41.81%,40.19%,43.63%,51.48%,49.03%,54.25%,20.51%,20.71%,20.28%,256,300,225,275,321,229,124,134,119,2,1,2,2,2,2,2,2,1,53.66,60.38,46.43,42.64,50.67,33.94,74.37,78.72,69.73,"225,217",587
Sadiqabad ,Rahim Yar Khan ,,Punjab ,208827,103853,104970,190645,94832,95809,18182,9021,9161,"430,131","227,536","202,590","337,771","179,669","158,098","92,360","47,867",44492,48.55%,45.64%,51.81%,56.44%,52.78%,60.60%,19.69%,18.85%,20.59%,312,357,282,313,352,279,107,98,123,3,3,3,4,4,4,1,1,2,47.04,54.88,38.46,38.5,47.41,28.61,72.87,78.07,67.44,"208,827",585
Rajanpur (Tribal Area),Rajanpur ,,Punjab ,12417,6587,5830,12417,6587,5830,0,0,0,"14,294","7,827","6,467","14,294","7,827","6,467",0,0,0,86.87%,84.16%,90.15%,86.87%,84.16%,90.15%,0.00%,0.00%,0.00%,580,585,573,543,548,533,1,1,1,4,4,4,4,4,4,1,1,1,8.6,12.36,4.14,8.6,12.36,4.14,-,-,-,"12,417",126
Jampur ,Rajanpur ,,Punjab ,183129,84192,98931,154402,70770,83631,28727,13422,15300,335918,"169,305","166,606","242,244","122,583","119,660","93,674","46,722","46,946",54.52%,49.73%,59.38%,63.74%,57.73%,69.89%,30.67%,28.73%,32.59%,365,393,337,384,405,350,236,251,226,2,2,2,2,2,2,3,3,3,38.07,46.11,29.86,29.63,38.11,20.92,56.53,63.79,49.22,"183,129",581
Rajanpur ,Rajanpur ,,Punjab ,140109,63644,76458,110572,49748,60817,29537,13896,15641,"287,419","143,910","143,502","188,982","94,859","94,116","98,437","49,051","49,386",48.75%,44.22%,53.28%,58.51%,52.44%,64.62%,30.01%,28.33%,31.67%,316,344,290,328,349,306,229,246,218,1,1,1,1,1,1,2,2,2,41.38,49.09,33.40,30.85,39.69,21.64,58.63,64.68,52.47,"140,109",570
Rojhan ,Rajanpur ,,Punjab ,107164,53127,54036,105676,52431,53244,1488,696,792,"148,606","79,436","69,169","144,071","77,207","66,863","4,535","2,229","2,306",72.11%,66.88%,78.12%,73.35%,67.91%,79.63%,32.81%,31.22%,34.35%,525,532,506,486,492,460,260,273,239,3,3,3,3,3,3,4,4,4,20.98,28.18,13.04,19.63,26.74,11.77,50.21,59.99,39.89,"107,164",551
Gujar Khan ,Rawalpindi ,,Punjab ,24477,10891,13583,18964,7930,11033,5513,2961,2550,192628,95202,"97,421","158,235","78,040","80,193","34,393","17,162","17,228",12.71%,11.44%,13.94%,11.98%,10.16%,13.76%,16.03%,17.25%,14.80%,14,12,21,12,10,23,53,69,51,5,5,5,5,5,5,6,6,5,79.72,86.44,73.29,79.68,87.03,72.68,79.94,83.46,76.45,"24,477",234
Kahuta ,Rawalpindi ,,Punjab ,4442,1902,2540,3204,1285,1919,1238,617,621,"58,026","28,519","29,507","38,509","18,785","19,724","19,517","9,734","9,783",7.66%,6.67%,8.61%,8.32%,6.84%,9.73%,6.34%,6.34%,6.35%,1,1,2,3,2,4,2,2,2,1,1,2,2,1,3,1,1,1,84.05,92,76.71,82.02,91.44,73.5,88.5,93.19,83.97,"4,442",33
Kallar Sayaddan ,Rawalpindi ,,Punjab ,5763,2611,3152,4244,1823,2421,1519,788,731,"59,055","29,284","29,770","44,285","21,997","22,287","14,770","7,287","7,483",9.76%,8.92%,10.59%,9.58%,8.29%,10.86%,10.28%,10.81%,9.77%,4,4,5,5,4,6,9,10,11,4,4,4,4,3,4,3,3,4,82.23,90.48,74.77,82.53,91.16,74.74,81.32,88.41,74.86,"5,763",46
Kotli Sattian ,Rawalpindi ,,Punjab ,2499,1275,1224,1875,883,992,624,392,232,"29,342","14,432","14,910","23,293","11,430","11,863","6,049","3,002","3,047",8.52%,8.83%,8.21%,8.05%,7.73%,8.36%,10.32%,13.06%,7.61%,2,3,1,2,3,2,10,20,4,2,3,1,1,2,1,4,4,2,88.2,94.71,81.49,87.87,94.58,80.91,89.57,95.22,83.81,"2,499",10
Murree ,Rawalpindi ,,Punjab ,5927,2749,3178,5379,2473,2906,548,276,272,"64,930","31,962","32,968","58,678","28,732","29,946","6,252","3,230","3,022",9.13%,8.60%,9.64%,9.17%,8.61%,9.70%,8.77%,8.54%,9.00%,3,2,3,4,5,3,5,3,8,3,2,3,3,4,2,2,2,3,84.79,90.88,78.59,84.59,90.81,78.34,86.86,91.59,81.33,"5,927",47
Rawalpindi ,Rawalpindi ,,Punjab ,163943,85959,77969,13961,5839,8122,149982,80120,69847,"939,727","474,549","465,152","99,475","49,164","50,311","840,252","425,385","414,841",17.45%,18.11%,16.76%,14.03%,11.88%,16.14%,17.85%,18.83%,16.84%,44,56,39,28,17,31,77,97,75,7,7,6,6,6,6,7,7,7,83.97,87.51,80.14,80.25,86.91,73.66,84.4,87.58,80.93,"163,943",577
Taxila ,Rawalpindi ,,Punjab ,32364,15444,16920,10395,4139,6256,21969,11305,10664,"193,096","96,519","96,576","54,101","27,189","26,912","138,995","69,330","69,664",16.76%,16.00%,17.52%,19.21%,15.22%,23.25%,15.81%,16.31%,15.31%,38,39,44,48,38,70,49,54,56,6,6,7,7,7,7,5,5,6,81.98,87.19,76.60,73.77,80.45,66.83,84.98,89.66,80.16,"32,364",300
Chichawatni ,Sahiwal ,,Punjab ,83415,37876,45534,78180,35046,43130,5235,2830,2404,"314,302","158,145","156,150","283,834","142,614","141,214","30,468","15,531","14,936",26.54%,23.95%,29.16%,27.54%,24.57%,30.54%,17.18%,18.22%,16.10%,136,145,132,108,123,98,71,90,65,1,1,2,1,1,1,1,1,1,65.25,71.77,58.61,63.05,70.03,55.95,84.61,86.97,82.17,"83,415",516
Sahiwal (Sahiwal),Sahiwal ,,Punjab ,126346,58492,67848,92213,40734,51475,34133,17758,16373,"470,979","238,076","232,895","301,653","152,851","148,796","169,326","85,225","84,099",26.83%,24.57%,29.13%,30.57%,26.65%,34.59%,20.16%,20.84%,19.47%,139,157,129,134,153,122,115,138,106,2,2,1,2,2,2,2,2,2,64.44,70.57,58.07,56.37,64.45,47.93,77.5,80.53,74.39,"126,346",565
Bhalwal ,Sargodha ,,Punjab ,17323,8929,8393,12924,6430,6493,4399,2499,1900,"104,494","51,608","52,885","65,872","32,342","33,529","38,622","19,266","19,356",16.58%,17.30%,15.87%,19.62%,19.88%,19.37%,11.39%,12.97%,9.82%,35,52,33,50,70,44,16,18,14,1,1,1,1,3,1,1,1,1,69.31,75.62,63.09,62.96,70.38,55.63,79.99,84.45,75.61,"17,323",177
Bhera ,Sargodha ,,Punjab ,18931,9456,9474,15047,7393,7653,3884,2063,1821,"102,901","51,716","51,184","73,428","36,794","36,633","29,473","14,922","14,551",18.40%,18.28%,18.51%,20.49%,20.09%,20.89%,13.18%,13.83%,12.51%,49,60,50,58,73,55,29,29,30,2,2,3,5,5,4,3,2,4,67.37,74.83,59.80,62.1,70.36,53.71,79.95,85.47,74.32,"18,931",190
Kot Momin ,Sargodha ,,Punjab ,37763,18817,18945,33724,16679,17045,4039,2138,1900,"154,646","78,520","76,124","136,631","69,422","67,208","18,015","9,098","8,916",24.42%,23.96%,24.89%,24.68%,24.03%,25.36%,22.42%,23.50%,21.31%,113,146,107,87,117,79,148,179,135,7,7,7,7,7,7,7,7,7,56.33,64.43,47.82,55.01,63.52,46.06,66.08,71.17,60.77,"37,763",341
Sahiwal (Sargodha),Sargodha ,,Punjab ,19753,9964,9787,16554,8157,8395,3199,1807,1392,"106,823","53,725","53,095","81,421","40,744","40,674","25,402","12,981","12,421",18.49%,18.55%,18.43%,20.33%,20.02%,20.64%,12.59%,13.92%,11.21%,50,62,49,56,72,53,23,30,22,3,3,2,3,4,3,2,3,2,63.34,73.52,52.97,60.23,71.1,49.16,73.59,81.44,65.56,"19,753",193
Sargodha ,Sargodha ,,Punjab ,90775,47123,43647,44797,22794,22001,45978,24329,21646,"474,601","239,591","235,002","198,666","99,808","98,855","275,935","139,783","136,147",19.13%,19.67%,18.57%,22.55%,22.84%,22.26%,16.66%,17.40%,15.90%,56,78,51,74,105,64,59,71,61,5,6,4,6,6,6,6,6,6,71.82,76.61,66.86,63.33,70.29,56.12,77.56,80.87,74.14,"90,775",527
Shahpur ,Sargodha ,,Punjab ,21366,10366,11000,17788,8372,9416,3578,1994,1584,"110,589","55,803","54,786","87,118","43,779","43,339","23,471","12,024","11,447",19.32%,18.58%,20.08%,20.42%,19.12%,21.73%,15.24%,16.58%,13.84%,58,63,66,57,63,62,44,58,40,6,4,6,4,1,5,5,5,5,61.85,72.19,51.03,59.51,70.59,48.02,70.22,77.83,62.05,"21,366",209
Sillanwali ,Sargodha ,,Punjab ,20762,10398,10362,18925,9421,9504,1837,977,858,"108,625","54,181","54,442","94,842","47,446","47,396","13,783","6,735","7,046",19.11%,19.19%,19.03%,19.95%,19.86%,20.05%,13.33%,14.51%,12.18%,55,70,55,51,69,48,30,36,27,4,5,5,2,2,2,4,4,3,63.07,71.01,54.94,61.04,69.26,52.63,76.51,82.58,70.26,"20,762",203
Ferozewala ,Sheikhupura ,,Punjab ,83323,43431,39836,53381,27425,25914,29942,16006,13922,"279,876","143,154","136,644","187,371","95,218","92,093","92,505","47,936","44,551",29.77%,30.34%,29.15%,28.49%,28.80%,28.14%,32.37%,33.39%,31.25%,172,218,131,111,172,89,257,290,215,5,5,5,5,5,5,5,5,5,66.55,69.2,63.67,66.19,69.12,63.03,67.26,69.34,64.95,"83,323",515
Muridke ,Sheikhupura ,,Punjab ,46161,24280,21874,27840,14247,13591,18321,10033,8283,"208,197","104,392","103,796","117,574","58,946","58,626","90,623","45,446","45,170",22.17%,23.26%,21.07%,23.68%,24.17%,23.18%,20.22%,22.08%,18.34%,90,131,72,82,119,69,116,159,93,3,3,2,4,4,4,3,3,3,69.1,71.93,66.13,64.01,67.56,60.24,75.21,77.29,73.08,"46,161",392
Safdarabad ,Sheikhupura ,,Punjab ,20000,10349,9646,13563,6747,6812,6437,3602,2834,"88,695","44,384","44,297","63,483","31,568","31,903","25,212","12,816","12,394",22.55%,23.32%,21.78%,21.36%,21.37%,21.35%,25.53%,28.11%,22.87%,95,132,81,65,89,57,188,241,153,4,4,4,1,1,1,4,4,4,67.55,72.25,62.81,67.45,72.79,62.05,67.82,70.83,64.78,"20,000",197
Sharak Pur ,Sheikhupura ,,Punjab ,13646,6865,6780,11687,5822,5864,1959,1043,916,"64,181","32,094","32,085","51,634","25,937","25,695","12,547","6,157","6,390",21.26%,21.39%,21.13%,22.63%,22.45%,22.82%,15.61%,16.94%,14.33%,78,106,73,76,100,66,46,66,47,2,2,3,3,3,3,1,1,1,65.05,68.06,61.96,60.67,63.97,57.24,80.82,83.31,78.4,"13,646",136
Sheikhupura ,Sheikhupura ,,Punjab ,98946,50925,48015,61673,31133,30540,37273,19792,17475,"486,838","243,861","242,970","284,341","141,786","142,555","202,497","102,075","100,415",20.32%,20.88%,19.76%,21.69%,21.96%,21.42%,18.41%,19.39%,17.40%,69,98,62,70,95,59,87,109,82,1,1,1,2,2,2,2,2,2,70.72,74.13,67.04,65.42,69.64,60.79,77.88,80.33,75.3,"98,946",543
Daska ,Sialkot ,,Punjab ,34904,20094,14804,26888,15341,11545,8016,4753,3259,"268,134","138,081","130,047","199,222","102,284","96,936","68,912","35,797","33,111",13.02%,14.55%,11.38%,13.50%,15.00%,11.91%,11.63%,13.28%,9.84%,17,29,8,21,37,13,18,23,15,3,3,3,4,4,3,2,3,2,79.19,81.32,77.02,77.12,79.59,74.6,84.83,86.02,83.63,"34,904",319
Pasrur ,Sialkot ,,Punjab ,33485,19493,13992,29628,17039,12589,3857,2454,1403,"274,746","142,259","132,481","237,796","122,828","114,963","36,950","19,431","17,518",12.19%,13.70%,10.56%,12.46%,13.87%,10.95%,10.44%,12.63%,8.01%,11,27,4,13,28,7,11,17,6,1,2,1,1,1,1,1,1,1,74.52,77.28,71.76,73.46,76.38,70.55,81.11,82.9,79.38,"33,485",307
Sambrial ,Sialkot ,,Punjab ,16294,9338,6955,11329,6474,4855,4965,2864,2100,"123,974","63,533","60,438","85,724","43,938","41,786","38,250","19,595","18,652",13.14%,14.70%,11.51%,13.22%,14.73%,11.62%,12.98%,14.62%,11.26%,18,30,9,18,34,11,27,39,23,4,4,4,3,3,2,4,4,4,79.89,81.84,77.95,78.7,81.01,76.42,82.57,83.69,81.45,"16,294",163
Sialkot ,Sialkot ,,Punjab ,68877,38733,29759,40381,22451,17929,28496,16282,11830,"548,222","283,330","264,494","308,265","158,551","149,710","239,957","124,779","114,784",12.56%,13.67%,11.25%,13.10%,14.16%,11.98%,11.88%,13.05%,10.31%,13,26,7,17,32,14,19,19,18,2,1,2,2,2,4,3,2,3,79.42,80.72,78.14,76.21,77.74,74.69,83.31,84.22,82.45,"68,877",478
Gojra ,Toba Tek Singh ,,Punjab ,37996,20548,17444,29473,15851,13619,8523,4697,3825,"200,525","103,171","97,350","143,548","73,551","69,994","56,977","29,620","27,356",18.95%,19.92%,17.92%,20.53%,21.55%,19.46%,14.96%,15.86%,13.98%,52,82,46,59,91,46,42,51,44,1,1,1,1,1,1,4,4,3,74.22,77.74,70.51,70.78,74.86,66.47,82.76,84.91,80.51,"37,996",342
Kamalia ,Toba Tek Singh ,,Punjab ,27528,13884,13644,21032,10397,10635,6496,3487,3009,"116,992","60,476","56,516","72,478","37,476","35,002","44,514","23,000","21,514",23.53%,22.96%,24.14%,29.02%,27.74%,30.38%,14.59%,15.16%,13.99%,110,125,100,117,160,97,38,43,45,4,4,4,4,4,4,3,3,4,63.55,71.02,55.68,55.87,65.36,45.79,75,79.51,70.31,"27,528",257
Pir Mahal ,Toba Tek Singh ,,Punjab ,31436,16490,14946,29618,15413,14205,1818,1077,741,"141,843","73,661","68,181","125,539","64,913","60,625","16,304","8,748","7,556",22.16%,22.39%,21.92%,23.59%,23.74%,23.43%,11.15%,12.31%,9.81%,89,118,84,79,112,71,14,15,13,3,3,3,3,3,3,1,1,1,68.39,74.6,61.81,65.8,72.46,58.75,86.7,89.69,83.57,"31,436",294
Toba Tek Singh ,Toba Tek Singh ,,Punjab ,45430,24516,20914,41006,22086,18920,4424,2430,1994,"226,271","117,352","108,919","194,268","100,697","93,571","32,003","16,655","15,348",20.08%,20.89%,19.20%,21.11%,21.93%,20.22%,13.82%,14.59%,12.99%,67,99,57,63,94,51,34,38,32,2,2,2,2,2,2,2,2,2,74.45,78.83,69.85,72.24,77.04,67.2,86.91,89.09,84.68,"45,430",386
Burewala ,Vehari ,,Punjab ,88758,43168,45581,70687,33192,37491,18071,9976,8090,337199,"168,749","168,441","235,994","118,427","117,563","101,205","50,322","50,878",26.32%,25.58%,27.06%,29.95%,28.03%,31.89%,17.86%,19.82%,15.90%,132,175,120,126,164,106,78,115,62,1,1,1,1,1,1,2,2,2,63.98,69.85,57.98,58.84,66.07,51.38,75.8,78.66,72.96,"88,758",525
Mailsi ,Vehari ,,Punjab ,120803,59048,61737,105368,50466,54884,15435,8582,6853,"324,969","164,147","160,803","264,393","133,175","131,199","60,576","30,972","29,604",37.17%,35.97%,38.39%,39.85%,37.89%,41.83%,25.48%,27.71%,23.15%,221,257,195,195,226,165,187,235,155,3,3,3,3,3,3,3,3,3,54.63,63.33,45.67,51.81,61.02,42.33,66.77,73.2,60.08,"120,803",559
Vehari ,Vehari ,,Punjab ,97822,46864,50925,88673,41884,46762,9149,4980,4163,"305,921","154,354","151,534","250,283","126,298","123,958","55,638","28,056","27,576",31.98%,30.36%,33.61%,35.43%,33.16%,37.72%,16.44%,17.75%,15.10%,192,219,162,171,194,147,56,80,53,2,2,2,2,2,2,1,1,1,58.21,65.8,50.39,53.75,62.2,45.03,76.66,80.81,72.45,"97,822",541
,,,,,,,,,,,,,,,,,,,,,,,,,,,,,,,,,,,,,,,,,,,,,,,,,,,,,,,,,,,
,,,,"25,373,350",,,,,,,,,"71,270,068","36,881,757","34,385,742","45,533,569","23,564,559","21,947,499","25,736,499","13,317,198","12,418,041",,,,,,,,,,,,,,,,,,,,,,,,,,,,,,,,,,,,,,
,,,,,,,,,,,,,"71,270,068",,,,,,,,,,,,,,,,,,,,,,,,,,,,,,,,,,,,,,,,,,,,,,
